user_id,session_id,timestamp,focus_level,stress_level,motivation_score,flow_state_score,fatigue_level,brainwave_activity
25,56,4:45:00.000 AM,0.55,5.73,3.99,9.86,7.98,47.82
21,70,9:56:59.000 PM,8.75,4.17,5.14,6.72,1.73,5.6
27,68,1:49:41.000 PM,7.89,6.32,7.02,0.24,0.63,71.82
1,21,8:53:45.000 AM,5.51,3.86,2.02,9.35,7.66,85.04
23,58,10:51:01.000 PM,7.97,2.49,4.98,9.77,7.75,98.26
44,57,9:50:37.000 PM,0.9,5.05,1.19,7.52,7.77,24.73
48,58,4:16:26.000 AM,1.11,0.14,5.29,7.32,9.23,76.32
17,10,10:38:13.000 AM,1.4,1.72,3.25,6.45,6.82,70.13
40,84,11:41:22.000 AM,6.68,0.49,9.89,8.52,4.99,75.29
17,86,8:30:31.000 PM,1.02,8.98,3.83,4.34,7.66,63.91
19,24,10:55:27.000 AM,1.42,2.18,4.12,1.74,8.15,13.23
45,54,9:45:54.000 PM,6.47,2.49,4.65,9.17,6.24,17.7
51,78,3:10:27.000 AM,7.03,1.31,4.37,3.02,5.64,97.01
21,76,7:33:38.000 AM,1.94,2.91,4.19,1.93,3.65,41.33
55,6,1:08:59.000 AM,9.69,1.85,1.38,6.88,7.04,70.73
7,60,5:33:03.000 AM,0.35,2.46,6.1,9.27,6.05,23.35
90,82,6:19:11.000 PM,3.58,9.05,8.52,3.18,5.33,6.04
63,37,5:45:55.000 PM,6.66,8.06,6.59,7.49,9.74,96.27
32,3,5:49:10.000 AM,7.21,5.84,0.44,8.11,9.54,25.61
25,2,6:22:55.000 PM,0.63,6.41,3.63,3.17,3.74,70.52
81,97,11:27:28.000 AM,7.43,8.16,4.27,2.41,1.5,99.3
2,45,2:28:26.000 PM,0.87,4.21,6.24,3.03,1.62,72.42
34,7,3:31:37.000 PM,1.03,4.62,9.6,8.34,7.44,98.46
38,97,10:21:22.000 PM,9.98,3.25,7.53,2.35,0.9,19.68
40,23,4:35:05.000 PM,1.17,3.54,1.07,1.83,0.42,36.14
5,5,8:28:16.000 AM,2.79,5.38,4.63,6.21,7.69,38.08
71,83,12:02:52.000 AM,8.88,1.06,0.17,8.24,7.67,86.81
44,69,10:10:19.000 PM,4.16,9.32,6.08,0.52,7.8,55.99
17,90,6:07:09.000 PM,8.43,3.31,4.85,5.94,2.83,6.28
14,6,9:26:30.000 AM,8.5,9.7,5.23,5.67,8.1,85.98
40,87,10:46:24.000 PM,0.93,0.25,7.99,5.53,2.63,45.12
24,50,3:45:04.000 AM,6.31,9.13,8.6,9.76,7.23,66.44
94,34,3:18:31.000 PM,1.8,1.75,2.64,0.0,9.35,42.08
90,16,2:02:30.000 AM,1.25,6.57,2.16,0.79,7.97,27.41
41,65,2:32:07.000 PM,5.41,3.93,7.21,1.71,8.22,13.89
68,53,3:43:53.000 AM,6.45,0.64,6.14,7.0,0.38,20.56
82,55,12:36:14.000 PM,5.43,0.98,1.05,5.24,9.19,4.23
61,11,9:57:33.000 PM,6.51,0.71,9.55,3.09,2.65,83.68
100,4,11:25:38.000 PM,5.02,9.73,7.73,0.07,7.61,62.53
37,70,9:06:42.000 AM,5.08,9.97,8.97,8.6,0.31,7.53
92,1,6:59:36.000 AM,9.82,0.26,7.61,1.54,4.67,5.39
35,46,8:43:44.000 PM,8.97,1.32,5.73,8.16,7.9,54.06
63,73,10:42:29.000 AM,3.61,5.79,3.4,2.42,7.61,48.79
59,86,2:53:23.000 PM,0.93,1.1,8.21,9.83,1.89,16.37
31,52,5:58:27.000 PM,3.25,7.22,5.91,2.09,8.65,86.8
97,97,3:56:59.000 PM,4.87,8.71,7.41,2.92,4.33,35.58
99,93,5:36:31.000 AM,8.11,2.01,1.44,5.33,4.71,26.48
1,50,7:22:34.000 PM,1.25,7.0,7.56,6.85,5.17,75.26
63,38,3:46:12.000 AM,3.55,5.19,9.12,0.08,3.62,84.73
62,3,1:07:45.000 AM,5.17,6.22,6.93,0.06,8.85,28.0
13,38,9:47:14.000 PM,6.85,2.59,4.56,7.07,0.37,97.07
81,9,9:44:31.000 AM,8.8,1.9,9.87,9.07,8.58,90.54
44,5,10:10:33.000 AM,0.85,1.93,2.83,5.59,6.52,81.05
45,1,3:20:16.000 AM,6.45,8.19,7.74,0.43,2.6,56.44
60,100,2:07:36.000 AM,8.77,3.4,3.76,0.86,7.84,82.94
35,8,5:23:18.000 AM,9.25,8.21,1.17,9.92,8.98,66.7
4,32,8:34:07.000 AM,6.41,3.93,1.96,0.15,8.68,61.64
49,59,2:37:44.000 AM,7.21,8.27,6.61,9.94,6.96,19.93
41,42,8:28:22.000 AM,0.86,0.54,5.18,3.72,0.61,57.23
55,40,1:22:55.000 PM,3.01,5.55,1.39,4.6,0.68,88.29
16,61,3:45:32.000 AM,4.48,7.46,5.51,8.99,4.53,37.31
43,61,12:32:27.000 AM,7.24,5.61,9.16,1.34,5.02,71.93
86,19,2:07:22.000 AM,9.46,1.87,6.5,2.09,9.03,89.79
32,70,8:58:31.000 AM,8.9,9.4,9.5,6.15,4.44,28.07
73,20,2:21:54.000 PM,5.74,8.58,2.35,5.96,5.98,92.86
32,44,1:32:20.000 PM,3.19,8.26,3.7,9.63,5.14,68.58
2,8,3:52:39.000 PM,3.92,9.18,8.86,5.84,8.91,75.63
32,37,1:57:37.000 AM,1.49,6.92,1.55,4.12,7.19,60.78
71,90,10:57:01.000 AM,2.71,3.0,2.93,0.57,1.7,45.82
24,9,7:32:55.000 AM,5.9,5.22,4.87,1.23,5.55,32.64
72,18,7:17:59.000 PM,8.95,1.92,6.79,6.12,5.32,62.6
96,82,12:33:27.000 AM,8.86,7.76,3.46,1.38,8.06,34.52
45,11,2:59:41.000 PM,5.49,8.72,1.91,2.13,2.99,19.71
8,62,3:33:10.000 AM,6.49,6.89,0.99,2.76,1.58,9.94
66,23,8:26:25.000 AM,6.55,9.98,0.35,8.92,0.4,22.53
41,69,4:45:22.000 PM,5.42,7.52,4.68,8.59,9.54,32.82
68,25,7:27:00.000 PM,2.23,7.48,1.34,6.53,6.68,71.71
19,99,1:31:51.000 AM,7.66,7.59,0.75,8.55,5.17,81.75
28,69,7:48:00.000 PM,8.71,2.16,8.79,9.6,2.44,86.84
8,0,4:51:53.000 PM,5.57,6.62,6.83,8.73,9.32,75.95
77,24,4:32:38.000 PM,9.04,6.85,1.71,7.24,6.34,69.22
43,3,3:09:27.000 PM,0.84,0.42,3.84,6.43,9.52,96.12
44,54,9:29:08.000 AM,4.55,3.28,1.29,6.78,8.5,58.47
68,23,10:07:36.000 AM,1.01,2.51,7.27,0.23,1.73,57.19
18,62,11:05:11.000 AM,6.3,6.46,1.67,6.09,4.7,3.32
9,34,2:42:39.000 AM,3.19,3.74,1.36,5.86,4.12,92.19
99,7,6:33:47.000 AM,5.43,7.72,9.48,9.2,2.34,91.79
41,94,11:16:52.000 AM,7.58,4.2,7.0,9.28,2.42,68.85
96,6,10:09:51.000 PM,5.37,9.12,3.87,1.51,2.31,95.47
77,88,11:24:49.000 PM,5.54,4.48,5.79,0.65,6.71,72.38
97,68,9:11:00.000 AM,5.0,1.04,2.32,8.52,9.21,63.59
43,43,11:23:44.000 AM,5.16,2.43,0.18,2.83,7.78,27.95
33,46,9:17:04.000 PM,3.35,0.22,7.62,9.81,1.25,94.97
97,86,2:38:45.000 PM,0.47,9.11,3.49,3.06,0.36,17.07
10,8,3:56:28.000 AM,1.48,9.22,3.57,9.93,7.3,44.97
50,19,1:27:40.000 PM,4.95,6.23,8.07,1.35,2.54,26.1
66,73,4:23:18.000 AM,7.81,7.85,7.9,9.28,7.72,60.91
3,97,6:56:50.000 PM,4.47,0.71,2.79,7.47,9.01,29.28
79,27,2:59:29.000 PM,6.91,6.11,9.6,1.26,2.54,71.17
18,84,4:50:55.000 PM,1.34,1.05,7.71,8.92,2.73,61.12
12,62,12:28:49.000 AM,2.96,7.88,6.62,2.39,7.26,46.33
10,34,12:04:01.000 AM,8.88,2.48,2.12,4.44,6.91,13.07
81,67,5:37:15.000 PM,1.63,3.26,0.24,3.57,2.1,94.75
64,77,11:18:51.000 AM,6.38,4.22,4.3,9.55,2.76,7.12
83,27,11:02:18.000 AM,8.61,3.49,8.07,7.36,6.95,55.03
69,42,6:54:30.000 AM,9.96,3.7,0.75,0.92,2.97,69.15
35,22,1:51:34.000 AM,6.02,9.47,4.57,2.53,5.53,81.68
26,15,12:41:18.000 AM,1.92,6.56,5.46,4.07,6.89,60.33
29,84,4:24:50.000 AM,0.62,6.4,4.77,7.45,9.39,69.69
84,41,4:24:18.000 PM,1.31,6.24,0.78,3.47,8.37,43.84
77,70,4:04:37.000 PM,6.93,0.8,9.86,2.92,9.39,10.6
76,93,4:51:36.000 AM,7.08,8.23,7.95,0.58,6.49,0.97
94,55,11:21:55.000 AM,6.73,2.91,6.29,9.6,2.72,41.06
54,97,4:31:40.000 AM,4.58,9.75,4.56,2.67,6.53,64.35
8,2,1:21:28.000 AM,0.2,6.38,0.27,9.04,7.83,39.71
83,93,3:07:49.000 PM,9.34,2.57,8.1,2.45,8.65,65.32
22,71,6:12:14.000 AM,2.85,1.07,0.46,3.29,3.72,92.9
11,16,10:05:34.000 AM,5.5,1.18,6.48,4.13,2.46,46.37
81,97,8:58:41.000 PM,7.65,7.46,5.98,8.55,9.02,50.96
31,0,1:52:16.000 PM,2.7,2.37,4.06,1.95,4.97,23.66
25,31,6:02:14.000 PM,7.73,8.18,6.12,2.53,9.64,76.94
11,11,4:52:55.000 AM,7.44,4.74,1.43,5.36,7.94,6.26
84,76,10:08:29.000 PM,9.3,5.82,9.21,8.46,0.86,66.22
16,51,10:48:22.000 PM,5.02,0.65,2.61,3.87,7.34,47.81
69,46,3:03:36.000 PM,2.71,1.7,2.75,4.42,4.8,30.03
44,5,10:54:14.000 AM,0.63,5.97,1.11,4.8,7.85,86.66
100,80,10:23:58.000 AM,0.27,4.45,2.18,6.89,1.53,29.54
34,45,6:24:52.000 PM,4.09,5.5,9.63,0.91,0.97,1.31
27,2,4:53:42.000 AM,8.99,9.18,1.19,3.93,9.69,93.84
26,100,3:24:40.000 AM,5.7,7.83,6.98,6.79,1.56,27.28
27,58,3:52:34.000 AM,9.37,0.66,3.46,9.37,8.54,86.76
11,52,11:12:18.000 AM,7.97,4.89,5.68,8.34,8.54,30.31
62,43,1:03:47.000 PM,8.28,6.5,2.88,9.93,7.56,46.01
24,93,7:15:10.000 PM,1.66,8.54,0.35,0.42,0.02,0.55
83,3,2:39:15.000 PM,7.64,8.59,0.01,2.31,8.25,19.41
58,29,7:09:18.000 AM,6.91,2.19,8.44,0.73,6.06,51.73
29,60,7:35:13.000 PM,8.19,8.59,0.9,1.52,2.81,8.4
37,80,9:34:57.000 AM,2.23,4.48,8.16,8.1,5.04,5.25
2,53,12:08:14.000 AM,0.78,3.92,3.83,4.12,4.67,69.61
65,71,9:59:05.000 AM,3.59,9.34,7.9,7.35,3.41,24.61
29,66,7:10:25.000 PM,1.85,0.25,1.69,2.12,8.54,10.45
5,7,7:24:56.000 PM,7.29,8.26,1.61,3.43,3.04,81.0
47,32,2:22:26.000 AM,0.75,7.69,0.0,6.17,4.32,22.73
50,85,1:51:28.000 AM,1.62,5.13,3.22,2.28,8.27,50.86
57,89,10:30:16.000 PM,6.53,1.56,6.93,2.86,4.44,53.0
43,79,9:32:52.000 AM,4.16,8.86,1.26,8.11,2.84,31.7
52,67,4:47:16.000 AM,2.34,5.53,9.57,1.45,7.39,49.41
57,59,10:26:54.000 PM,7.27,8.05,1.63,7.37,8.29,81.3
32,1,8:24:42.000 AM,7.09,8.91,2.37,6.7,4.28,97.85
19,99,8:12:53.000 PM,6.1,7.79,2.8,5.14,9.13,22.44
26,14,7:41:00.000 PM,3.29,6.38,6.69,2.8,7.29,98.46
76,77,1:49:55.000 PM,0.37,5.96,8.81,0.84,9.72,93.97
78,34,2:49:18.000 AM,1.54,5.2,6.24,0.53,3.69,82.23
97,63,2:09:23.000 PM,0.88,7.02,3.06,5.13,6.71,3.28
58,46,10:54:25.000 PM,4.33,0.97,6.8,0.34,3.94,77.85
76,9,12:56:55.000 PM,6.27,9.1,7.39,9.66,7.19,90.13
82,48,8:45:51.000 AM,1.16,4.5,0.48,2.03,4.1,54.86
23,29,9:36:17.000 PM,1.84,9.67,8.87,0.08,6.4,13.29
3,60,3:57:56.000 PM,2.92,9.34,0.94,2.17,9.82,54.46
48,54,12:05:48.000 AM,7.69,4.39,0.5,9.07,7.26,94.93
45,63,12:56:33.000 PM,9.12,1.86,7.93,6.45,7.07,80.41
29,31,12:40:46.000 PM,4.66,4.74,5.05,1.38,1.42,4.7
35,23,9:10:57.000 PM,7.49,5.62,0.89,6.12,9.57,18.85
100,1,11:16:41.000 AM,5.13,6.13,5.07,2.4,0.08,61.11
15,8,6:16:29.000 AM,1.62,5.97,4.5,1.41,3.81,11.93
22,87,8:05:52.000 AM,5.62,9.68,2.76,8.7,9.37,59.47
52,29,6:52:41.000 PM,1.8,5.9,5.89,6.23,7.85,75.53
50,74,10:11:19.000 PM,9.21,9.65,9.88,3.02,5.73,77.0
89,97,9:56:15.000 AM,7.64,3.3,9.88,3.56,7.88,49.28
82,94,9:26:04.000 PM,2.08,4.9,4.86,5.1,5.64,79.75
27,22,2:54:58.000 AM,2.37,3.79,8.92,1.27,9.75,51.73
13,43,2:29:22.000 PM,8.11,9.6,8.45,2.64,3.0,94.9
97,50,8:55:03.000 PM,6.43,0.88,0.74,8.12,5.75,19.73
77,58,7:23:13.000 PM,5.34,3.74,2.92,7.4,1.54,26.19
31,9,12:28:00.000 PM,4.23,9.3,4.06,2.01,7.84,30.58
9,10,10:54:17.000 PM,3.91,4.82,0.08,8.24,2.62,33.19
4,80,10:29:47.000 PM,0.07,5.76,3.52,0.64,1.2,21.3
68,61,5:59:33.000 PM,3.77,1.04,7.82,8.16,4.46,7.76
12,43,2:18:07.000 PM,2.08,7.93,1.1,7.94,4.54,29.08
57,28,12:19:35.000 PM,1.83,9.46,4.78,5.48,0.78,50.53
14,26,7:07:15.000 PM,6.34,4.96,0.2,4.44,6.5,29.6
0,38,5:52:23.000 AM,7.27,5.29,9.69,6.28,3.8,41.67
13,100,9:47:14.000 AM,3.97,3.83,8.87,0.57,3.07,16.71
27,33,9:00:52.000 AM,8.96,3.43,1.44,6.98,3.56,57.64
17,41,11:20:20.000 AM,0.15,0.48,3.65,8.48,4.59,50.53
56,36,6:23:09.000 AM,4.1,3.9,6.94,1.68,8.45,8.57
85,87,12:09:46.000 AM,9.89,6.47,4.84,2.45,0.37,5.65
70,73,5:03:40.000 PM,2.25,0.24,1.54,7.21,3.12,99.37
34,54,8:35:51.000 PM,6.75,5.31,5.09,3.61,7.91,96.06
50,43,10:40:19.000 AM,9.8,8.97,4.16,1.83,7.8,81.19
43,77,6:17:41.000 PM,2.75,9.8,6.99,8.65,9.7,85.26
51,7,1:41:09.000 PM,7.8,0.38,6.76,8.58,8.12,21.39
8,67,8:57:51.000 PM,2.36,0.95,4.56,8.86,0.77,48.93
7,17,6:34:40.000 AM,0.74,0.21,8.46,5.19,8.8,51.48
90,20,9:21:46.000 AM,1.54,4.89,2.93,6.48,8.54,7.53
94,49,3:10:56.000 AM,9.83,3.59,8.25,5.46,7.14,60.14
69,91,12:24:57.000 AM,7.7,7.57,2.87,4.77,3.72,63.77
27,85,6:59:16.000 PM,9.78,0.51,8.25,7.73,2.41,0.24
12,100,11:45:53.000 PM,1.55,2.11,9.4,0.33,5.76,45.8
84,13,6:05:31.000 AM,5.32,9.09,0.63,4.81,6.55,58.69
30,84,3:58:15.000 AM,4.13,8.49,9.16,9.28,9.06,18.96
54,70,10:45:45.000 PM,1.7,1.5,5.52,2.98,3.54,4.36
65,15,8:23:22.000 PM,6.65,2.98,9.29,0.85,2.16,27.06
40,21,2:55:31.000 AM,5.51,8.5,6.16,9.09,4.91,82.77
21,88,2:18:38.000 PM,2.8,8.91,3.01,7.07,9.26,66.88
2,89,8:38:43.000 AM,0.86,4.07,6.72,2.29,7.32,1.47
52,42,9:09:19.000 PM,4.53,6.7,8.38,6.35,7.76,61.13
75,30,8:45:38.000 AM,8.94,7.08,0.67,4.36,8.52,78.18
89,95,10:22:10.000 PM,7.1,0.92,2.18,0.82,0.77,89.46
48,55,1:07:06.000 AM,4.67,6.24,8.35,1.93,1.61,5.78
71,14,12:48:36.000 AM,8.73,7.52,6.69,1.97,8.28,76.2
5,2,5:27:06.000 AM,9.61,5.13,0.97,1.42,3.15,97.63
38,20,7:50:13.000 AM,3.42,4.4,9.07,3.08,9.7,94.61
37,14,9:16:44.000 AM,5.75,3.55,6.91,2.44,5.16,17.1
7,24,12:38:49.000 PM,4.95,9.14,6.78,7.54,7.38,59.69
16,88,5:14:46.000 AM,3.68,0.47,4.1,6.64,6.8,39.62
43,81,12:24:59.000 PM,5.16,2.14,4.47,3.87,1.42,38.45
51,20,12:00:13.000 AM,6.44,0.77,4.93,2.15,9.94,46.73
63,100,10:45:56.000 PM,5.67,6.18,8.27,2.37,0.29,55.06
55,50,5:04:43.000 AM,3.25,4.89,4.07,8.15,5.55,27.54
4,19,12:39:43.000 AM,6.45,1.11,0.89,3.18,4.31,22.47
51,19,7:55:53.000 PM,1.35,5.96,9.52,8.25,8.5,98.95
79,59,7:08:00.000 AM,4.87,5.6,9.46,3.6,0.14,29.01
69,33,5:24:10.000 AM,7.2,2.28,0.23,0.86,1.48,25.99
57,96,12:51:40.000 AM,4.11,1.58,8.17,0.61,9.63,5.33
48,49,5:14:13.000 AM,5.95,4.58,7.19,5.47,6.63,32.41
54,33,5:05:52.000 PM,9.3,1.5,7.36,6.29,5.2,96.14
76,7,1:49:22.000 PM,4.8,7.23,3.13,0.32,0.18,70.71
41,32,5:44:47.000 AM,8.27,4.63,6.25,6.86,0.98,94.1
66,39,8:51:00.000 AM,2.67,0.45,0.73,4.12,4.06,93.4
50,57,10:14:34.000 AM,0.46,9.15,8.13,7.5,7.01,86.4
3,46,1:35:18.000 AM,6.75,8.49,6.26,4.82,3.49,74.77
64,10,9:25:30.000 AM,9.95,9.08,5.29,5.76,2.17,37.88
74,84,1:31:04.000 AM,8.39,7.0,1.73,2.08,7.27,25.53
25,30,4:02:04.000 AM,2.86,9.33,1.21,0.0,6.0,67.78
96,29,4:54:56.000 AM,7.7,8.97,7.98,0.47,9.26,33.59
41,36,11:24:48.000 PM,3.42,8.79,7.1,1.1,0.57,91.77
7,64,2:25:45.000 PM,7.93,2.89,8.96,7.14,7.27,41.15
34,99,6:24:36.000 PM,3.18,8.8,8.55,1.48,2.12,17.21
99,52,4:53:15.000 AM,9.22,0.34,5.5,0.49,4.66,81.75
97,62,8:17:42.000 PM,0.35,5.37,8.55,1.41,2.96,32.07
96,17,7:17:27.000 AM,3.65,5.9,6.27,9.15,5.86,25.5
91,34,7:46:36.000 AM,1.03,0.65,1.81,6.52,6.97,89.8
17,100,9:06:43.000 PM,0.24,1.78,6.78,0.85,3.95,26.77
35,0,3:42:13.000 PM,6.99,8.05,3.71,2.82,6.14,17.79
89,39,4:38:25.000 AM,8.66,6.81,5.41,4.44,8.71,15.54
22,52,4:08:44.000 AM,5.02,2.35,6.32,7.22,6.93,63.12
6,11,10:42:24.000 AM,5.4,5.14,2.05,7.07,9.49,69.52
54,86,1:35:27.000 PM,3.32,6.64,1.93,1.32,8.21,4.61
97,56,8:56:25.000 AM,3.23,6.93,4.16,8.32,9.99,92.8
21,67,4:25:20.000 AM,4.54,4.13,4.43,0.19,5.85,57.69
3,72,5:36:00.000 PM,4.51,0.06,6.81,7.39,7.93,20.16
72,91,12:45:49.000 PM,6.96,9.36,1.15,4.32,7.24,12.35
79,21,2:50:46.000 AM,3.74,1.43,1.71,0.69,9.81,11.89
12,36,6:16:10.000 AM,2.04,7.0,7.15,8.74,4.67,0.79
79,84,11:10:51.000 AM,8.71,5.11,2.03,0.24,2.75,47.39
99,4,2:15:31.000 AM,0.16,8.96,6.66,8.04,7.49,81.27
30,77,7:18:08.000 AM,6.44,0.61,9.28,2.41,4.11,15.58
57,86,12:39:31.000 AM,8.91,3.85,7.02,9.32,0.3,90.88
4,58,10:40:13.000 AM,9.83,2.67,4.26,0.56,5.93,63.87
78,79,1:09:50.000 PM,7.91,5.93,9.32,2.53,1.44,33.37
100,34,8:04:53.000 PM,2.2,1.11,8.92,1.28,5.18,88.39
89,25,9:14:48.000 PM,2.4,7.6,4.4,0.16,0.55,63.98
0,41,8:21:56.000 PM,1.08,7.4,6.28,5.75,1.16,22.31
47,6,9:34:36.000 PM,2.26,4.83,9.18,2.4,7.82,48.22
90,26,10:20:20.000 AM,5.02,4.53,1.36,8.33,6.28,98.38
53,24,1:23:50.000 AM,8.34,5.8,2.29,3.78,0.97,90.53
73,43,5:53:31.000 AM,3.44,9.03,5.03,0.99,8.74,54.61
86,5,11:38:03.000 PM,1.8,5.01,5.61,5.66,2.63,22.28
96,93,8:33:21.000 AM,1.27,4.5,7.68,3.59,3.67,43.99
90,67,6:06:16.000 AM,0.78,1.82,0.25,3.01,8.29,88.51
88,80,4:15:24.000 AM,0.71,5.54,7.1,3.67,3.06,52.84
39,26,3:25:22.000 PM,4.59,3.6,4.24,3.72,6.49,78.83
54,82,7:46:46.000 PM,6.23,7.26,5.65,2.73,2.57,1.76
51,81,12:17:44.000 AM,6.39,6.56,3.86,3.57,2.46,81.63
16,2,11:03:46.000 PM,8.81,4.18,5.51,7.61,5.97,73.76
36,55,8:24:24.000 AM,0.71,2.58,8.5,1.05,1.95,90.33
12,36,6:54:06.000 AM,3.79,4.76,4.3,5.3,3.84,1.6
48,88,1:45:17.000 PM,9.69,3.13,9.78,8.84,1.18,80.71
42,20,4:45:40.000 PM,8.59,3.73,0.23,9.33,7.18,96.89
39,33,3:13:25.000 PM,0.76,4.28,2.87,9.56,2.47,43.6
33,20,8:45:25.000 AM,4.56,6.12,6.03,6.42,0.12,2.52
33,41,1:37:05.000 PM,0.59,6.62,3.39,8.07,4.88,21.77
78,18,12:53:25.000 AM,6.61,9.21,0.97,1.57,9.23,31.48
19,1,10:17:34.000 PM,1.17,0.03,3.0,6.66,9.35,84.77
91,49,11:46:52.000 AM,4.56,9.91,5.33,9.44,0.48,77.45
48,22,9:28:16.000 AM,7.67,0.79,4.38,7.27,2.39,82.25
24,40,7:06:18.000 AM,2.61,0.49,0.54,7.31,9.95,31.06
48,12,9:05:31.000 AM,4.37,1.52,7.93,8.78,8.72,73.36
9,96,2:23:53.000 AM,1.28,5.54,4.68,1.1,8.28,12.1
42,38,1:26:37.000 AM,5.83,6.41,1.69,5.29,9.26,91.17
79,79,5:12:13.000 PM,6.26,3.18,5.12,0.01,3.11,28.64
68,96,8:22:24.000 PM,8.87,8.86,1.5,9.15,3.58,61.57
44,91,12:26:01.000 AM,6.19,6.15,4.73,9.68,6.33,86.57
35,33,7:44:06.000 AM,0.17,9.7,6.7,7.87,8.36,79.27
8,49,4:54:08.000 AM,3.06,4.54,9.33,0.52,2.53,70.45
27,63,3:09:48.000 AM,7.82,4.26,5.12,7.91,8.71,47.14
58,91,11:14:29.000 PM,9.1,5.7,9.83,7.24,6.65,95.63
83,42,1:43:07.000 AM,5.94,8.08,7.62,6.22,2.43,47.58
32,8,12:49:09.000 PM,0.98,3.06,1.53,6.61,1.84,74.75
31,67,8:54:04.000 AM,1.06,1.68,9.06,8.05,5.7,99.41
67,29,10:15:06.000 AM,0.91,4.09,0.04,7.09,0.92,51.2
53,76,7:41:38.000 PM,2.97,1.4,4.39,8.86,5.19,76.79
15,54,11:13:39.000 PM,5.16,0.83,4.41,8.47,9.22,97.02
30,52,9:18:25.000 PM,1.91,0.51,9.28,2.41,5.24,55.04
56,49,8:17:18.000 AM,7.79,1.32,3.64,2.08,6.63,63.21
32,72,6:11:20.000 PM,4.5,4.75,0.22,3.66,8.56,81.57
2,67,2:24:47.000 AM,9.15,8.07,2.04,3.27,5.4,55.73
94,2,7:19:42.000 PM,1.01,3.64,8.31,0.51,5.89,23.59
89,11,4:54:02.000 PM,2.39,5.86,1.31,2.66,3.85,95.3
73,2,6:24:46.000 PM,3.13,1.9,9.78,0.88,7.11,52.76
23,88,11:21:02.000 PM,7.2,0.81,7.61,1.25,7.82,13.04
83,24,3:57:22.000 PM,1.69,3.75,1.65,4.72,8.97,84.4
69,73,3:19:55.000 PM,2.46,2.06,6.3,5.01,9.55,8.63
48,97,4:30:24.000 PM,6.99,6.42,4.93,2.55,4.71,3.8
51,97,2:04:21.000 PM,0.27,8.93,2.97,6.64,2.1,35.91
5,14,2:58:04.000 AM,1.6,6.86,9.86,5.75,9.15,44.68
3,71,2:09:09.000 PM,3.9,7.26,2.58,1.08,5.45,9.48
60,51,1:25:37.000 AM,2.57,0.15,7.57,2.87,3.58,60.2
41,85,4:13:40.000 PM,5.62,3.26,6.3,9.19,6.9,78.76
0,42,1:46:27.000 PM,0.07,3.9,5.88,7.22,1.43,84.77
27,99,10:08:23.000 PM,1.07,6.83,6.51,0.99,7.35,48.11
14,66,9:21:32.000 AM,9.05,2.45,3.13,3.75,1.62,49.11
47,26,4:00:43.000 PM,3.46,9.03,6.47,3.54,9.86,76.98
53,2,10:08:08.000 AM,5.94,3.93,5.97,1.38,5.41,96.22
1,58,4:50:40.000 PM,7.54,3.74,2.6,9.51,9.75,53.22
22,84,2:55:13.000 PM,3.54,4.81,9.55,8.91,1.49,81.76
64,50,9:27:01.000 PM,4.89,0.1,5.16,9.48,7.48,85.25
55,74,10:59:06.000 AM,2.38,7.3,3.07,1.02,8.82,74.61
3,47,12:05:10.000 PM,0.0,4.58,2.92,8.08,1.54,12.6
66,46,2:39:31.000 AM,1.99,4.38,2.24,4.24,7.3,22.01
83,55,4:42:45.000 PM,5.77,2.81,2.69,4.23,9.59,73.82
26,51,11:48:02.000 AM,6.18,5.48,2.12,3.33,6.6,77.16
11,61,6:10:08.000 AM,4.94,5.87,1.78,7.21,2.77,16.57
86,99,6:33:10.000 AM,7.74,8.99,2.82,0.6,3.68,54.75
34,62,4:17:57.000 PM,2.35,6.3,8.33,9.09,4.93,18.82
4,28,6:57:44.000 AM,7.81,8.61,0.9,1.08,4.66,92.47
50,27,4:34:23.000 PM,3.66,8.36,4.69,6.66,6.65,22.76
14,41,3:33:13.000 AM,3.98,2.34,8.42,2.24,6.51,41.99
96,70,10:27:37.000 PM,6.53,6.99,7.56,2.68,3.81,57.76
87,50,11:30:56.000 AM,6.83,7.92,0.01,6.82,1.5,85.92
70,63,12:55:14.000 PM,1.36,5.04,8.83,3.79,5.12,25.43
7,48,2:24:37.000 PM,9.64,0.65,9.62,8.82,3.31,79.28
80,60,6:29:50.000 AM,6.44,7.49,5.08,9.89,9.66,13.12
26,14,8:48:09.000 PM,0.96,6.26,5.03,8.73,0.62,80.15
60,90,7:51:28.000 AM,5.82,3.1,2.41,2.81,9.25,56.56
40,21,11:17:52.000 AM,5.59,4.89,3.17,7.67,0.63,7.12
19,53,2:38:05.000 AM,0.83,4.28,2.89,1.72,7.05,61.07
40,18,11:33:48.000 PM,4.48,2.71,5.26,7.58,8.34,94.34
53,51,6:10:49.000 AM,7.02,3.35,0.46,3.33,1.68,97.41
33,50,7:00:21.000 AM,2.44,8.96,9.07,7.04,6.02,78.07
16,60,8:44:31.000 PM,1.22,4.01,1.32,2.29,5.11,86.69
87,1,1:31:45.000 AM,3.94,3.72,2.9,5.62,4.25,3.06
54,52,2:21:47.000 AM,8.43,9.35,3.71,1.27,9.32,50.14
40,31,1:09:27.000 PM,9.92,1.38,8.83,7.24,4.78,51.76
23,64,12:41:07.000 AM,0.75,0.93,7.31,1.2,6.76,55.83
50,27,10:18:42.000 AM,6.33,2.8,1.64,3.96,7.19,49.13
26,68,11:49:00.000 PM,2.64,7.4,9.7,0.15,8.52,45.83
17,8,5:20:16.000 PM,5.09,0.14,5.63,9.02,9.04,34.27
39,20,1:00:10.000 AM,4.13,4.28,2.62,5.38,4.59,90.88
100,1,9:55:47.000 AM,2.49,3.47,0.42,8.89,1.92,73.68
62,85,10:07:22.000 AM,4.35,0.97,2.71,3.72,3.86,49.85
4,4,12:04:05.000 AM,7.82,8.76,8.46,1.21,6.71,66.43
94,17,7:14:07.000 AM,1.32,6.81,1.4,1.71,5.83,40.09
21,79,2:14:29.000 PM,6.8,5.07,1.91,6.94,3.18,68.86
97,75,4:03:32.000 AM,4.49,5.05,7.99,0.51,2.72,33.53
61,3,7:19:53.000 PM,6.7,5.6,7.56,1.48,1.57,62.82
5,50,4:39:07.000 AM,0.18,5.9,0.63,7.34,3.73,39.84
96,70,2:00:52.000 PM,4.08,4.4,6.14,4.21,6.69,25.94
73,75,5:02:19.000 AM,0.2,1.46,0.21,7.42,1.32,16.85
37,62,3:52:02.000 PM,9.26,7.4,4.08,5.58,3.01,14.17
89,93,5:33:21.000 AM,2.36,0.65,3.88,1.26,5.26,22.92
71,40,10:36:50.000 AM,9.36,1.0,3.39,7.14,5.92,58.12
15,67,7:56:00.000 PM,9.33,1.98,3.24,3.85,5.57,58.3
60,41,1:33:20.000 PM,1.08,3.53,6.19,7.18,8.32,28.57
81,59,11:57:37.000 AM,6.04,0.2,5.45,0.34,1.71,30.57
41,88,3:39:33.000 AM,4.82,4.46,4.93,8.85,6.16,11.04
33,67,9:52:27.000 AM,2.78,2.35,5.99,9.62,9.37,59.97
92,7,10:08:43.000 PM,3.64,0.85,2.13,2.03,0.51,22.78
76,20,12:58:28.000 AM,2.82,8.14,7.98,7.86,3.51,36.45
12,49,10:22:01.000 PM,3.55,5.69,8.38,4.11,9.59,96.07
14,86,10:58:21.000 AM,6.86,9.94,4.45,3.46,6.41,1.04
57,58,3:47:40.000 PM,4.24,9.26,6.62,3.24,5.55,13.66
100,60,3:02:34.000 PM,3.51,4.92,6.52,6.88,9.46,92.54
80,14,3:07:59.000 AM,8.59,3.89,6.12,2.03,7.54,77.24
91,95,5:45:19.000 AM,6.05,2.86,4.43,0.72,0.09,98.75
63,92,9:17:03.000 AM,9.84,2.48,2.82,8.08,8.83,82.62
36,21,7:36:40.000 PM,3.79,9.91,5.83,8.73,5.24,63.84
25,84,2:22:30.000 PM,2.37,8.16,0.5,8.94,4.48,89.04
95,58,4:40:25.000 AM,2.44,2.36,3.85,9.07,5.44,51.41
100,40,3:08:35.000 AM,5.49,3.93,5.16,4.79,0.02,79.03
49,71,8:44:15.000 AM,1.7,6.07,8.5,9.03,8.14,92.28
41,76,8:28:39.000 AM,7.08,6.67,7.24,5.87,3.05,55.36
27,15,8:07:20.000 PM,8.54,3.93,8.35,1.77,5.04,99.59
25,79,5:41:51.000 PM,4.39,1.06,6.1,1.54,3.3,28.66
16,38,11:31:56.000 PM,6.02,5.06,3.3,9.44,3.67,66.53
5,47,4:41:34.000 AM,4.59,4.81,3.27,5.66,0.39,7.53
97,80,7:49:40.000 AM,7.66,1.06,2.45,2.16,8.04,9.6
83,28,5:29:12.000 AM,4.78,6.91,4.68,6.29,9.36,84.81
34,41,5:07:57.000 PM,6.16,9.84,4.37,7.51,8.1,76.84
10,75,6:24:48.000 PM,5.23,6.93,3.27,5.51,6.82,95.02
81,50,9:58:06.000 AM,3.51,3.44,7.23,4.28,7.89,31.63
4,78,12:58:00.000 PM,7.02,2.85,2.04,2.98,9.69,45.29
20,11,12:10:41.000 PM,6.22,8.58,1.47,8.87,9.6,91.29
1,18,5:55:46.000 AM,5.74,7.07,9.72,8.82,1.26,98.98
1,38,1:32:43.000 AM,7.48,6.4,3.0,0.35,3.26,80.56
37,60,11:19:10.000 AM,4.98,0.99,7.76,5.8,8.02,17.06
33,48,7:14:55.000 PM,4.4,6.48,9.13,3.43,8.26,35.91
11,71,11:10:34.000 PM,5.85,7.06,2.12,3.12,9.13,58.63
57,38,12:09:43.000 AM,9.97,0.74,5.91,3.65,2.13,91.25
77,15,2:31:07.000 AM,1.62,5.53,4.47,0.73,5.36,47.39
12,24,6:11:36.000 AM,7.74,1.35,4.98,7.55,2.22,56.22
20,27,8:20:11.000 PM,1.27,5.29,2.45,0.8,9.41,87.98
95,49,5:38:23.000 PM,1.77,1.55,5.76,9.18,7.61,88.96
75,59,10:36:07.000 PM,2.98,4.73,4.65,9.07,4.14,95.72
80,2,2:58:48.000 PM,3.07,4.53,3.84,6.52,8.9,39.11
82,84,10:19:44.000 PM,6.14,8.84,5.75,7.53,0.28,96.16
58,22,9:00:22.000 PM,8.97,7.39,5.86,3.74,0.86,1.74
53,3,3:31:25.000 PM,2.78,3.67,5.35,9.5,4.88,52.03
16,62,1:02:25.000 PM,8.18,3.12,9.65,3.3,0.96,34.23
12,100,6:44:10.000 AM,1.2,8.29,2.28,9.49,6.78,32.2
43,86,10:33:29.000 PM,0.24,2.97,2.53,4.76,1.05,47.6
29,25,12:47:20.000 AM,9.47,6.76,8.25,7.27,7.48,54.22
10,40,2:53:28.000 AM,5.89,0.42,8.76,3.96,6.55,93.99
86,14,1:06:09.000 PM,3.26,6.79,1.75,1.73,9.45,82.49
79,9,12:51:17.000 PM,1.69,4.9,9.62,4.79,7.48,96.4
68,12,5:17:50.000 PM,9.62,9.78,4.93,0.55,6.8,22.67
58,40,4:40:29.000 PM,7.86,7.35,2.7,0.34,6.99,1.56
24,37,12:13:16.000 PM,4.38,7.96,7.63,9.3,3.41,8.32
23,93,2:34:52.000 PM,5.24,3.53,1.29,6.24,9.66,83.53
52,26,3:18:25.000 AM,0.54,0.87,6.73,9.46,1.75,47.22
11,29,2:30:14.000 PM,8.76,5.0,9.31,0.24,1.52,69.8
17,99,8:14:49.000 AM,6.48,7.42,0.67,5.15,0.07,21.16
57,47,5:01:18.000 PM,2.83,0.59,3.92,3.94,5.72,68.19
27,15,3:42:41.000 PM,7.26,0.62,1.84,8.82,6.31,15.95
43,0,10:46:11.000 AM,5.2,6.66,3.86,9.83,2.12,74.98
56,34,10:01:41.000 PM,7.51,7.24,4.76,5.05,3.63,75.97
27,83,5:41:49.000 AM,2.36,1.44,7.21,6.75,8.08,55.9
66,68,2:32:25.000 AM,0.59,5.82,4.46,6.56,7.18,53.01
38,12,11:13:50.000 AM,2.63,6.81,2.64,3.49,8.74,54.43
54,0,3:36:00.000 PM,0.99,3.06,2.76,1.42,4.53,38.57
79,83,7:54:20.000 AM,8.23,3.18,1.48,6.0,8.93,22.61
34,7,3:57:22.000 AM,7.85,5.53,5.29,1.75,6.75,31.56
55,91,7:29:03.000 AM,1.05,6.1,1.91,8.94,8.88,45.26
76,39,3:57:40.000 PM,6.76,4.22,6.1,9.05,5.29,5.23
61,19,10:29:58.000 PM,8.34,9.72,0.65,3.04,1.74,38.06
88,55,2:38:43.000 PM,8.76,7.26,8.38,5.64,1.36,97.33
100,45,5:18:41.000 AM,6.18,4.43,6.01,3.91,8.52,70.2
8,65,6:50:11.000 PM,7.15,3.99,0.04,0.66,0.15,1.28
40,70,7:35:07.000 PM,7.96,5.62,1.69,3.4,4.21,82.18
33,66,4:51:20.000 AM,5.3,8.61,1.58,8.35,0.44,29.63
74,86,4:51:20.000 AM,8.93,8.15,6.76,0.91,9.55,29.03
51,64,3:42:13.000 AM,9.43,9.58,2.42,9.22,5.6,45.17
2,13,3:38:16.000 AM,4.26,6.67,6.25,3.59,9.95,4.16
39,92,5:08:44.000 AM,6.7,3.09,1.09,9.97,1.68,29.39
35,98,7:54:03.000 AM,3.23,8.45,9.91,9.94,0.72,11.14
32,8,5:00:32.000 AM,8.86,5.26,3.23,5.42,4.43,70.28
58,89,2:30:25.000 AM,6.23,1.4,1.73,9.05,8.61,31.48
50,63,3:37:58.000 AM,0.66,3.7,8.02,3.13,0.92,98.68
51,67,1:40:08.000 PM,7.95,4.78,1.31,9.85,4.69,58.24
61,91,2:40:10.000 PM,1.74,6.26,5.47,2.4,4.01,83.12
45,37,9:05:15.000 AM,0.51,6.08,6.89,4.21,6.57,60.07
60,14,1:23:56.000 PM,5.62,3.36,8.15,1.05,0.72,61.52
69,84,3:18:40.000 PM,9.39,2.86,1.3,3.36,6.41,17.37
33,97,1:55:18.000 PM,2.04,0.27,5.81,9.18,5.95,48.16
9,14,2:41:58.000 PM,9.7,5.36,9.88,9.54,6.6,79.28
44,64,4:57:49.000 PM,2.47,9.07,0.79,3.9,4.48,66.27
74,65,12:35:22.000 AM,9.27,3.29,0.22,4.16,7.07,96.78
99,46,4:34:13.000 AM,9.13,5.22,6.56,5.36,3.18,25.97
0,27,9:24:40.000 AM,8.31,4.1,2.67,3.62,7.21,10.07
36,23,2:36:07.000 PM,3.5,3.7,8.46,5.43,7.78,45.97
90,99,11:42:16.000 AM,9.06,3.01,2.23,7.48,2.9,10.46
91,82,5:05:02.000 AM,8.15,0.47,5.51,7.72,6.7,27.66
92,59,5:17:24.000 AM,7.06,0.84,2.04,4.64,3.23,13.77
32,69,5:30:37.000 PM,9.75,5.6,4.96,6.21,6.78,93.82
87,8,4:41:29.000 PM,6.06,0.66,7.29,9.22,1.21,54.8
49,97,3:21:36.000 PM,8.14,9.83,0.07,9.04,4.73,94.26
78,26,9:34:04.000 AM,8.8,8.2,9.54,3.72,4.49,70.61
17,81,4:52:14.000 PM,0.69,2.55,5.87,6.46,4.12,97.78
64,8,10:46:27.000 AM,8.38,6.9,8.37,8.58,7.38,11.38
97,27,7:37:01.000 PM,2.66,4.85,8.78,2.88,5.94,18.67
17,5,7:29:38.000 AM,6.41,7.49,0.34,8.67,6.82,21.87
37,79,5:23:38.000 AM,3.26,2.03,2.98,2.52,0.79,81.63
19,56,5:30:41.000 PM,5.28,5.96,8.42,2.49,7.2,30.09
89,59,3:21:33.000 AM,2.04,7.24,3.09,2.02,7.29,6.8
13,5,10:57:02.000 PM,9.03,7.91,3.54,1.38,5.63,26.96
15,54,9:11:51.000 PM,7.46,7.3,6.42,5.92,2.13,65.09
45,32,8:02:32.000 PM,4.01,1.42,8.75,4.95,6.9,11.58
9,18,8:02:05.000 AM,2.44,7.89,5.18,8.68,2.53,1.87
76,53,10:33:13.000 AM,6.81,2.95,8.07,0.71,4.38,41.01
67,81,1:42:15.000 PM,8.44,1.86,3.37,0.27,1.02,79.91
91,10,7:55:32.000 AM,1.03,6.72,1.35,3.51,4.89,59.64
100,23,10:21:46.000 PM,4.5,7.17,3.08,5.89,9.01,65.68
10,41,3:37:15.000 AM,8.15,9.05,6.22,4.18,5.11,21.0
29,30,11:50:56.000 AM,9.04,3.64,5.39,3.14,9.51,47.19
76,34,6:56:12.000 AM,1.67,1.68,8.35,3.53,6.35,4.28
34,97,10:16:52.000 AM,1.2,6.06,1.15,9.06,5.95,12.41
93,26,9:59:45.000 AM,2.05,6.52,9.17,0.18,9.08,87.39
78,49,12:51:38.000 PM,7.86,9.68,6.16,0.46,2.66,73.35
41,12,4:25:17.000 AM,3.49,8.25,0.04,7.62,6.25,95.93
95,61,10:57:40.000 AM,9.85,0.87,9.94,2.01,1.99,6.6
69,82,9:40:34.000 PM,5.19,6.89,8.01,9.13,2.72,37.54
11,46,12:29:06.000 AM,8.68,3.22,0.49,0.91,8.76,89.63
17,30,8:03:11.000 AM,4.64,7.8,5.87,8.01,3.95,50.08
36,100,2:07:52.000 PM,0.4,2.98,8.11,1.06,8.09,62.65
48,31,6:20:13.000 AM,1.57,7.28,7.62,7.79,4.99,36.36
90,43,8:20:46.000 AM,5.1,9.52,3.63,5.64,9.09,78.44
86,34,10:42:18.000 PM,7.22,8.4,8.93,8.22,5.68,23.67
68,60,3:10:38.000 AM,1.28,7.65,7.75,4.24,7.98,10.43
7,27,7:00:42.000 PM,6.48,2.11,5.31,4.85,1.94,38.6
85,31,3:36:22.000 PM,7.22,0.87,7.47,7.65,0.36,98.35
45,77,4:33:09.000 PM,8.29,4.78,7.89,0.88,0.22,85.91
32,26,11:23:44.000 AM,2.1,8.95,3.28,0.69,4.92,77.86
44,47,6:48:02.000 PM,1.41,2.16,5.99,9.19,9.24,44.93
53,91,1:12:05.000 PM,8.26,7.41,9.15,2.59,5.6,96.37
83,25,5:24:54.000 AM,5.75,4.71,8.64,2.51,1.11,87.42
13,18,1:15:59.000 PM,2.28,1.31,8.05,1.28,8.34,16.1
1,86,3:55:17.000 AM,0.89,2.48,1.57,9.45,8.43,3.52
54,22,6:49:44.000 AM,3.16,6.82,9.43,5.49,5.24,22.71
83,26,1:40:20.000 PM,9.44,2.93,0.8,4.53,1.85,74.81
3,35,10:48:15.000 PM,2.48,6.29,3.31,4.41,1.58,10.79
91,92,8:47:10.000 AM,5.98,8.95,4.38,6.31,2.95,65.48
14,56,8:32:32.000 PM,4.75,2.39,5.48,0.45,0.64,25.94
28,65,8:23:46.000 PM,8.85,6.76,3.75,7.4,2.98,27.06
30,16,12:38:07.000 AM,3.7,7.47,8.23,1.96,6.15,92.49
94,97,8:46:51.000 AM,4.34,5.8,8.16,6.01,1.72,14.78
19,33,4:56:27.000 PM,9.58,6.93,6.82,1.15,8.7,65.45
18,46,6:01:07.000 AM,6.68,0.86,1.82,8.36,8.25,11.47
48,3,1:53:19.000 PM,8.12,0.68,6.95,4.89,9.39,73.31
50,27,3:52:16.000 AM,8.39,3.72,7.09,3.82,8.79,94.23
0,15,7:05:46.000 PM,4.0,0.44,3.5,0.29,0.18,91.75
68,94,5:52:32.000 AM,5.62,3.3,9.77,8.05,3.32,48.11
45,63,5:28:43.000 AM,4.74,6.81,1.45,0.42,5.35,1.23
83,86,5:37:28.000 AM,7.0,8.2,1.28,5.74,9.91,86.92
22,85,11:00:27.000 AM,4.34,5.02,3.52,8.9,5.72,70.35
1,57,7:39:19.000 PM,3.06,4.06,9.52,1.79,5.47,94.89
40,53,11:58:49.000 PM,6.86,7.16,6.26,6.94,8.87,21.83
71,5,12:42:51.000 PM,0.23,9.67,1.04,3.12,6.53,81.4
30,65,3:20:24.000 PM,6.2,4.28,9.61,5.52,5.51,39.56
36,14,12:32:55.000 AM,3.88,6.11,8.67,6.86,1.75,41.93
50,75,2:15:03.000 AM,3.06,2.46,5.28,3.64,1.38,92.89
38,89,3:44:45.000 PM,0.24,4.56,2.83,5.79,2.21,58.29
80,71,1:24:56.000 AM,1.57,5.97,5.78,2.44,0.04,56.09
12,3,4:21:39.000 PM,6.98,8.47,3.73,6.6,8.99,24.42
68,52,6:04:15.000 AM,8.98,9.16,9.78,6.19,2.45,25.21
12,8,7:55:42.000 PM,9.21,0.19,0.0,4.5,5.32,52.04
58,88,12:08:38.000 AM,3.97,1.37,5.95,8.28,4.63,6.75
22,92,11:13:03.000 AM,1.38,9.91,4.77,1.63,7.66,94.82
9,79,10:33:16.000 AM,7.09,5.34,6.46,9.15,7.06,24.44
14,23,7:07:11.000 AM,1.7,8.69,0.63,5.13,1.59,38.95
52,49,12:35:30.000 AM,0.38,5.31,1.81,5.8,9.01,16.65
29,6,1:24:59.000 PM,2.28,1.83,9.38,0.75,3.45,18.64
83,69,2:55:20.000 PM,6.46,1.84,0.0,9.89,5.48,97.98
44,24,3:22:43.000 AM,2.88,3.95,2.49,2.23,7.86,35.23
54,46,3:42:12.000 AM,4.81,7.3,7.93,1.27,6.86,28.27
42,44,11:52:09.000 PM,1.45,7.61,8.44,1.22,2.36,93.02
20,90,8:46:39.000 PM,9.04,0.53,3.4,7.98,6.93,3.87
83,21,7:37:46.000 PM,4.31,9.74,0.56,9.87,2.37,67.91
16,25,11:58:11.000 AM,0.65,2.82,3.89,5.09,2.32,30.78
33,12,3:38:29.000 PM,5.08,1.15,0.69,4.64,1.68,40.01
69,14,11:38:54.000 AM,8.18,4.94,6.69,6.8,0.22,28.81
11,48,2:31:56.000 AM,6.59,4.38,5.16,2.3,4.06,80.02
11,41,7:21:33.000 PM,3.71,7.2,8.83,2.7,6.24,62.2
9,45,4:48:46.000 AM,4.65,8.63,0.06,9.91,5.72,40.52
63,74,11:49:49.000 AM,9.16,9.35,5.99,6.71,6.47,86.4
7,57,6:34:20.000 AM,3.22,7.68,5.86,0.53,8.58,79.9
53,43,5:26:15.000 PM,0.98,2.76,4.68,0.1,8.86,23.47
8,95,2:45:31.000 PM,5.0,3.09,2.83,1.91,3.0,83.44
15,22,7:44:27.000 AM,2.11,2.78,1.1,7.95,7.27,57.04
80,40,4:27:49.000 PM,2.88,5.83,0.36,6.38,8.61,61.91
37,32,3:57:37.000 AM,2.82,1.21,8.12,0.19,6.69,47.74
56,44,9:30:47.000 PM,7.3,4.69,9.83,3.63,7.73,34.44
92,94,7:00:00.000 PM,7.65,7.14,7.82,1.52,8.44,24.87
64,0,3:30:15.000 AM,2.36,8.29,7.8,0.5,6.36,20.92
82,30,12:39:07.000 PM,8.81,1.17,0.63,5.04,4.37,66.49
95,87,2:22:48.000 PM,6.06,3.64,5.27,9.27,7.79,76.92
84,51,10:42:08.000 AM,6.84,7.48,6.25,1.77,2.14,59.53
45,29,11:53:30.000 PM,2.25,3.25,5.4,9.9,1.02,65.73
89,89,6:00:47.000 PM,9.85,1.45,0.05,6.64,0.89,93.32
21,90,1:45:31.000 PM,9.24,5.3,3.43,9.19,2.77,95.48
76,57,11:45:27.000 PM,2.22,8.44,9.77,2.8,6.34,34.48
4,27,4:05:15.000 PM,9.14,3.0,3.5,2.23,2.97,39.4
65,24,5:54:21.000 PM,1.3,0.47,2.76,5.38,9.83,82.64
84,63,12:29:34.000 PM,0.63,2.88,1.76,9.45,3.43,73.16
22,85,12:52:34.000 AM,5.62,5.86,0.28,2.79,5.55,69.66
13,96,4:33:29.000 AM,5.62,2.33,4.69,0.09,9.58,31.27
37,41,4:09:06.000 PM,6.38,0.1,1.52,5.68,5.17,22.76
91,67,6:05:30.000 PM,9.89,8.89,8.13,9.58,2.04,9.04
73,15,2:20:52.000 AM,2.28,0.71,9.98,9.7,6.36,74.2
13,71,4:07:24.000 AM,8.04,0.43,0.41,6.61,7.86,84.16
46,80,5:51:59.000 AM,9.06,1.86,3.73,6.54,7.85,2.28
81,54,1:28:12.000 PM,3.55,4.76,0.49,7.32,4.58,97.61
0,12,10:48:12.000 PM,0.4,2.49,7.14,8.53,8.89,60.21
14,68,9:04:20.000 PM,1.43,3.8,9.95,7.25,0.2,70.43
80,61,1:24:40.000 PM,1.43,7.85,2.7,5.64,3.86,37.92
35,86,8:58:25.000 AM,0.35,4.96,2.08,5.21,4.9,39.36
27,98,12:36:06.000 AM,1.18,0.19,6.71,0.59,1.86,16.83
10,75,2:27:38.000 PM,1.02,2.72,3.66,4.36,4.35,46.65
24,92,9:15:29.000 AM,5.17,7.41,8.95,1.97,4.17,35.13
94,85,5:30:09.000 AM,0.62,4.87,7.35,7.85,5.87,34.6
78,99,12:12:31.000 AM,8.57,6.97,8.33,7.81,5.85,53.63
75,65,10:33:58.000 PM,9.66,3.37,6.77,8.97,3.39,54.54
64,42,11:47:49.000 AM,2.39,5.08,1.79,2.93,1.54,13.09
50,67,12:14:59.000 AM,4.76,8.02,9.56,7.0,6.08,19.24
22,13,2:40:02.000 PM,1.64,5.72,8.43,3.78,5.01,5.76
66,0,9:44:49.000 AM,7.29,3.39,9.51,4.51,7.2,64.96
96,71,8:00:00.000 PM,0.37,1.68,0.97,8.84,2.48,83.57
48,48,3:27:41.000 AM,1.77,7.01,3.61,6.92,8.83,53.3
93,4,9:05:08.000 AM,8.39,7.86,1.32,7.34,2.41,71.78
48,7,7:09:37.000 PM,0.01,0.13,1.74,5.73,6.42,32.57
74,88,10:05:39.000 AM,2.89,8.75,3.52,6.35,6.61,35.22
86,59,3:32:48.000 PM,8.79,1.12,8.25,1.63,2.5,65.31
91,5,3:08:04.000 AM,9.4,0.45,2.62,2.35,6.96,61.69
67,3,7:39:13.000 PM,9.46,1.73,7.8,6.33,0.61,6.06
71,55,11:07:06.000 AM,8.45,5.13,2.89,7.65,0.81,3.1
21,74,11:58:33.000 AM,0.35,6.67,1.18,4.95,7.55,60.12
95,50,5:40:58.000 PM,6.01,3.4,0.02,7.21,8.13,18.73
22,47,2:24:47.000 PM,7.59,8.54,1.25,2.59,4.82,83.48
72,19,1:15:10.000 AM,3.47,1.41,5.91,2.85,3.09,4.0
91,47,2:26:35.000 PM,1.31,8.03,4.81,1.0,6.72,20.26
65,45,11:51:22.000 PM,2.81,9.23,4.27,1.35,1.95,20.22
18,52,7:45:25.000 AM,9.56,7.55,3.85,0.1,8.36,80.4
85,54,9:55:49.000 PM,9.14,1.48,2.93,0.68,3.38,94.84
29,28,8:37:11.000 PM,7.73,3.58,0.78,7.25,8.93,37.75
10,44,7:07:41.000 AM,3.97,7.9,1.91,5.05,4.54,42.2
0,45,2:44:41.000 PM,1.75,4.62,7.28,2.96,8.12,1.19
47,92,11:08:28.000 AM,8.14,4.17,2.41,8.2,1.97,14.69
69,89,7:25:57.000 PM,5.02,6.19,5.35,6.27,3.46,21.81
13,74,9:04:42.000 AM,4.97,3.04,1.05,5.97,9.55,4.35
37,16,8:24:51.000 PM,1.25,3.34,7.15,3.05,8.57,21.26
84,14,7:39:30.000 AM,0.89,8.55,3.81,8.23,0.98,46.36
29,46,6:36:45.000 PM,0.22,4.6,5.75,0.98,8.44,3.07
82,23,11:42:22.000 PM,6.09,0.34,0.77,1.55,2.72,70.62
12,5,2:19:07.000 PM,8.22,4.56,3.15,7.97,4.59,67.91
14,57,7:54:37.000 AM,2.93,2.69,4.03,7.17,3.33,57.32
44,28,9:43:42.000 PM,3.28,2.62,3.01,5.32,9.15,5.43
73,12,4:28:19.000 AM,2.95,3.1,2.2,8.5,3.79,47.78
95,46,8:29:05.000 AM,9.01,8.28,4.7,8.18,6.74,38.63
19,66,4:16:48.000 PM,0.22,9.74,1.15,0.57,1.91,57.62
58,22,1:06:46.000 AM,2.11,9.12,7.52,1.83,2.84,32.32
62,81,6:21:38.000 AM,4.08,6.97,8.2,5.91,6.62,3.58
10,80,8:04:30.000 AM,1.44,1.09,9.61,1.08,6.46,42.88
51,55,8:31:58.000 PM,1.2,3.45,8.85,7.69,6.22,75.91
93,15,2:47:26.000 AM,8.7,5.6,0.0,6.52,5.26,77.94
30,61,5:36:59.000 AM,4.59,4.82,0.02,3.28,0.15,34.44
64,23,10:20:36.000 AM,8.93,3.1,1.18,7.39,2.83,63.45
23,64,9:09:11.000 AM,1.61,7.98,2.35,8.76,4.9,98.86
53,56,11:31:16.000 PM,8.8,1.4,6.74,1.94,3.61,82.96
37,9,5:57:56.000 AM,4.09,6.27,0.1,0.81,4.97,66.91
50,63,8:28:12.000 PM,1.53,3.49,8.36,7.44,4.74,87.18
89,83,11:12:06.000 PM,2.03,3.36,4.58,8.14,5.42,47.29
38,6,3:14:19.000 AM,4.69,4.96,9.8,1.82,3.37,27.1
23,89,7:59:47.000 PM,0.17,9.4,8.37,6.67,9.98,96.91
25,3,6:35:24.000 PM,9.85,3.87,8.32,4.62,5.77,63.28
98,7,3:43:34.000 AM,2.69,0.91,6.32,1.85,1.22,56.2
13,15,2:49:54.000 PM,5.72,1.73,2.56,9.66,5.8,98.32
32,30,2:35:17.000 PM,4.61,2.02,2.41,0.16,6.08,46.55
29,75,9:58:01.000 AM,3.57,9.49,5.66,5.78,5.27,52.17
14,29,1:26:17.000 PM,4.42,3.96,6.04,4.0,4.22,96.45
47,66,3:43:01.000 AM,0.62,3.18,9.83,7.28,0.08,47.94
80,52,12:59:01.000 AM,5.6,1.63,6.28,0.13,5.19,23.05
100,21,1:19:48.000 PM,8.4,5.97,8.61,1.92,7.64,47.05
28,42,10:44:14.000 AM,0.53,6.4,9.78,2.68,8.47,92.64
24,33,1:53:43.000 PM,0.11,3.06,1.15,4.57,8.74,28.57
82,52,4:56:15.000 AM,4.46,4.02,2.43,9.72,5.9,79.81
26,49,4:27:38.000 AM,7.52,7.21,5.56,6.32,3.22,37.77
59,54,2:01:49.000 PM,9.51,0.44,3.06,6.69,2.02,92.16
96,48,9:00:27.000 PM,0.21,1.7,7.47,1.75,3.05,7.86
38,18,6:20:00.000 AM,1.4,7.87,3.28,5.83,2.5,30.65
54,94,8:14:51.000 AM,0.67,3.88,4.99,7.56,3.03,51.47
65,11,2:58:18.000 AM,7.24,3.63,0.98,8.33,5.46,85.83
14,62,7:23:36.000 PM,5.39,1.29,7.16,2.8,4.4,33.6
39,9,11:07:56.000 AM,6.71,0.69,9.94,0.49,3.07,20.42
95,63,6:01:28.000 AM,3.19,7.17,3.64,4.03,6.63,90.0
70,0,1:34:47.000 PM,4.47,7.55,5.06,2.43,6.0,23.42
92,6,9:49:14.000 PM,0.75,4.0,1.64,4.01,1.04,71.91
79,100,4:20:29.000 PM,4.65,3.88,3.75,0.07,3.82,63.71
98,76,6:58:26.000 PM,4.82,5.3,0.35,8.92,9.37,10.1
35,48,11:07:16.000 AM,1.65,5.03,1.94,7.93,1.85,25.13
7,81,7:07:12.000 AM,8.91,2.34,6.01,4.24,9.54,6.87
71,89,5:14:08.000 PM,5.64,5.67,6.93,0.67,8.55,52.99
2,11,4:07:36.000 PM,9.34,6.4,2.52,9.13,4.9,95.93
98,72,5:16:47.000 PM,7.59,2.25,0.87,7.23,0.43,71.8
30,52,2:25:37.000 PM,2.37,2.63,5.42,6.33,1.9,51.88
64,57,12:19:46.000 AM,8.59,4.04,9.54,9.55,8.49,14.15
37,26,5:04:18.000 AM,1.28,0.53,0.86,5.87,6.23,83.43
47,41,4:01:20.000 PM,3.31,4.96,1.85,8.2,1.93,76.96
58,65,2:21:51.000 PM,4.28,3.39,1.46,4.1,6.35,86.7
45,55,5:03:36.000 PM,4.71,9.21,9.39,1.3,5.01,89.23
22,9,11:06:52.000 PM,6.05,2.2,4.37,9.64,5.17,21.66
21,55,10:42:31.000 AM,8.18,6.37,7.99,0.24,2.3,6.47
43,63,4:04:49.000 AM,5.6,3.43,9.01,7.83,6.99,71.39
19,21,7:20:28.000 PM,4.17,6.51,7.91,1.5,5.7,16.89
79,56,2:11:28.000 AM,9.84,8.63,8.09,7.23,1.28,74.21
55,34,3:10:33.000 PM,0.79,2.64,9.07,9.41,0.25,82.85
59,11,1:03:55.000 PM,8.56,7.38,9.72,9.42,4.73,60.29
20,78,8:52:22.000 AM,7.07,3.09,6.08,7.91,5.04,41.15
6,1,1:17:15.000 AM,1.3,3.76,3.37,8.49,8.28,64.67
37,77,9:43:31.000 AM,8.09,7.53,1.5,9.1,2.02,30.48
10,0,8:47:56.000 PM,7.18,5.66,3.13,5.04,7.01,15.43
94,72,1:43:57.000 PM,6.31,6.03,7.32,3.68,1.36,65.81
88,50,11:53:15.000 PM,0.7,5.99,9.82,4.2,5.76,1.95
14,86,6:59:48.000 PM,9.18,0.46,2.78,3.25,7.38,38.09
49,41,5:54:00.000 PM,8.42,1.0,3.94,5.74,2.37,81.96
9,15,10:49:42.000 AM,6.3,3.06,9.1,8.26,4.15,93.47
1,85,8:11:10.000 PM,4.27,0.48,7.01,0.01,2.99,18.21
99,83,5:06:56.000 PM,3.1,4.21,5.94,5.46,7.15,63.62
69,96,8:38:39.000 AM,7.64,5.91,5.98,4.99,5.48,25.1
99,29,12:52:28.000 PM,3.76,9.3,4.64,9.12,3.2,35.25
28,15,2:21:10.000 PM,7.95,9.83,1.04,0.54,8.49,66.16
66,90,11:58:50.000 AM,0.51,1.76,1.41,7.92,5.83,33.66
23,72,3:01:35.000 PM,9.7,7.17,6.58,6.08,0.68,32.54
90,6,4:34:06.000 AM,5.29,9.92,6.84,0.06,0.57,42.7
28,91,6:56:29.000 PM,9.99,4.08,5.78,0.67,5.93,20.56
21,47,1:44:02.000 AM,7.31,8.27,2.17,1.23,4.5,56.73
1,6,2:24:33.000 AM,0.65,0.36,7.29,0.58,6.77,13.31
59,15,10:28:06.000 PM,3.16,0.16,1.92,2.81,4.27,12.26
89,79,4:55:21.000 AM,2.26,4.13,3.5,1.03,1.27,40.48
5,90,8:40:32.000 AM,6.0,4.68,5.07,1.9,7.72,17.67
32,67,3:31:22.000 AM,7.51,4.2,5.86,1.48,6.35,78.28
36,41,11:55:11.000 PM,4.46,4.96,8.08,9.76,4.08,21.76
3,28,9:40:34.000 AM,2.68,5.59,1.76,6.56,3.45,57.86
100,16,7:49:36.000 PM,6.29,6.24,1.49,9.83,4.75,48.39
10,16,9:18:00.000 AM,4.63,1.14,9.93,7.55,1.98,95.9
8,43,9:59:21.000 AM,8.33,0.38,3.6,5.36,1.31,42.29
78,17,5:21:10.000 PM,4.89,0.57,7.72,4.13,2.77,82.55
17,79,10:48:07.000 AM,0.54,1.84,2.06,5.01,5.76,19.42
73,45,6:25:39.000 PM,1.75,4.74,2.0,9.95,4.46,27.11
50,86,2:22:27.000 AM,9.33,6.7,8.95,8.45,9.69,50.73
76,82,6:49:45.000 PM,4.25,9.23,0.92,0.7,4.96,90.8
85,5,11:33:51.000 PM,3.96,7.69,0.94,4.21,7.02,70.44
8,90,1:23:58.000 AM,9.01,7.43,5.66,2.73,8.1,7.6
45,95,10:55:38.000 AM,3.61,7.93,9.37,9.99,6.54,10.44
94,46,9:44:26.000 PM,8.3,1.77,8.03,3.74,6.35,58.54
79,97,11:36:57.000 PM,0.2,0.35,8.75,0.06,8.04,54.01
48,66,5:28:18.000 AM,0.71,6.73,4.88,2.62,0.37,51.63
65,84,5:57:05.000 PM,9.74,5.52,5.98,6.55,0.73,64.51
74,14,1:47:40.000 PM,7.35,1.6,9.25,8.99,5.79,40.47
83,50,1:15:15.000 PM,1.05,9.25,1.96,6.56,2.91,25.44
12,4,5:52:50.000 PM,8.54,7.3,0.26,8.43,3.57,91.36
62,91,11:32:25.000 AM,1.57,7.86,3.23,3.49,1.29,3.3
65,68,4:52:26.000 PM,9.25,2.98,8.92,7.74,1.51,5.93
30,1,6:42:24.000 PM,9.6,6.37,6.26,2.28,8.32,97.4
4,10,7:00:36.000 PM,2.56,5.39,1.12,4.28,9.31,8.09
44,100,9:14:54.000 AM,4.64,6.83,5.66,4.4,5.1,70.66
65,83,3:38:53.000 PM,7.65,8.93,8.1,7.83,1.6,73.1
31,61,4:11:42.000 AM,0.89,8.35,5.76,3.79,9.19,66.03
45,55,9:46:37.000 AM,7.22,5.05,4.39,2.24,2.3,53.34
7,39,2:05:32.000 AM,5.63,2.22,2.6,3.42,5.11,68.55
66,60,5:21:48.000 PM,6.9,9.67,0.37,6.97,5.24,1.68
9,71,8:32:09.000 AM,6.51,9.26,3.71,4.2,2.87,33.02
29,31,2:04:34.000 PM,7.16,4.71,1.11,7.95,9.25,40.52
7,84,2:42:03.000 AM,4.46,1.45,5.13,1.19,7.25,90.66
87,77,6:13:52.000 AM,2.2,1.91,1.6,4.56,6.18,70.03
72,8,9:35:01.000 PM,7.46,4.61,3.98,3.35,7.38,7.61
24,37,8:15:44.000 PM,1.51,6.65,8.97,6.97,8.03,89.67
46,81,8:40:04.000 AM,1.74,5.91,3.89,7.26,5.37,14.21
55,89,8:35:01.000 AM,1.81,1.19,1.05,9.05,5.17,99.62
9,2,4:53:18.000 PM,5.66,8.22,7.88,6.06,2.11,82.63
71,0,11:30:53.000 PM,1.42,8.79,1.54,6.96,9.71,96.5
52,9,6:14:18.000 AM,9.24,2.37,9.57,7.95,2.61,91.51
67,44,7:32:29.000 AM,4.77,7.85,3.33,8.44,4.08,72.09
27,36,3:40:51.000 PM,3.05,3.03,3.93,4.44,5.25,98.31
35,59,7:53:37.000 AM,2.98,1.32,2.28,3.46,9.88,86.62
54,30,5:24:47.000 PM,4.54,3.74,9.43,1.36,3.47,19.14
86,100,4:16:17.000 AM,6.19,1.05,1.46,5.01,6.06,99.12
83,2,12:35:11.000 AM,4.38,9.03,0.32,6.67,6.39,54.34
92,34,3:27:52.000 AM,0.8,8.49,3.14,0.28,3.13,73.14
55,6,11:36:34.000 AM,9.66,1.53,8.35,5.67,7.0,42.66
85,92,7:09:09.000 PM,4.63,0.88,0.08,6.99,0.5,52.59
43,33,6:26:35.000 PM,6.19,1.91,6.16,6.11,1.38,90.05
29,62,9:36:55.000 PM,4.14,2.82,7.08,4.1,4.41,42.18
31,58,7:24:02.000 AM,5.13,6.19,0.99,3.4,5.43,34.42
66,66,12:53:30.000 AM,9.34,0.2,3.94,7.19,9.69,94.13
91,16,4:12:30.000 AM,3.59,2.17,5.36,5.06,8.97,1.64
49,29,9:28:51.000 AM,2.2,2.37,6.79,0.64,5.64,75.39
66,62,10:36:31.000 AM,5.86,0.38,9.78,0.96,3.08,32.33
64,27,12:17:35.000 AM,8.81,4.06,5.54,6.74,6.03,94.72
96,52,1:20:03.000 AM,1.79,8.38,3.93,0.58,2.06,40.53
11,22,4:20:09.000 AM,4.8,9.3,9.0,4.6,4.08,59.43
5,11,10:20:45.000 AM,2.93,9.07,2.09,2.16,4.25,87.09
29,33,3:52:13.000 PM,0.72,4.62,6.13,4.4,2.46,59.5
65,43,11:48:50.000 AM,2.73,3.25,3.21,9.36,7.71,47.23
2,41,8:21:52.000 AM,2.71,6.78,4.87,9.43,0.38,77.46
86,87,7:28:33.000 PM,1.32,5.43,2.12,2.73,6.69,1.4
19,34,9:40:43.000 PM,4.15,3.04,7.41,8.15,8.55,74.2
84,26,1:43:36.000 PM,8.16,1.74,1.24,0.07,5.89,41.56
93,51,9:12:31.000 AM,5.12,3.54,2.06,8.76,0.34,4.5
49,23,5:36:11.000 PM,4.76,7.68,7.44,6.0,6.65,94.47
93,21,3:10:45.000 PM,5.39,3.45,0.88,3.5,5.9,46.27
23,97,10:02:54.000 PM,1.13,2.2,9.26,1.34,0.82,62.27
1,30,6:29:50.000 AM,9.96,0.27,2.2,4.16,5.81,77.27
60,72,7:20:20.000 PM,3.5,0.25,2.58,3.84,2.01,95.32
2,81,1:33:31.000 PM,5.31,0.81,5.14,5.93,3.39,77.61
70,100,4:00:38.000 AM,5.39,3.16,3.75,6.76,5.14,62.89
44,87,9:59:40.000 PM,6.87,3.73,4.13,1.86,4.41,85.13
42,25,11:41:42.000 AM,9.69,6.37,8.69,7.8,4.39,60.98
62,91,5:11:46.000 PM,0.84,4.73,3.22,5.07,6.2,47.55
43,41,4:29:34.000 PM,9.28,3.0,4.67,2.04,8.75,96.25
95,2,7:37:27.000 PM,3.22,4.87,9.66,4.17,1.12,77.52
90,39,11:28:25.000 AM,9.83,1.72,8.55,3.78,4.28,81.14
7,83,2:44:32.000 PM,5.18,5.51,4.78,2.55,3.94,89.62
17,1,10:48:18.000 PM,9.26,2.38,0.46,3.07,9.29,32.24
70,16,12:39:06.000 PM,9.33,6.3,0.81,5.04,1.94,77.5
70,13,10:20:06.000 AM,3.85,1.65,3.4,3.02,1.12,29.25
22,74,5:12:23.000 PM,3.12,2.09,6.01,8.61,4.82,10.2
46,16,2:04:52.000 PM,9.8,4.66,1.02,3.28,7.09,54.21
8,40,4:56:52.000 PM,2.63,2.18,8.7,0.36,7.43,8.3
82,43,4:24:04.000 AM,6.95,9.32,6.92,2.12,9.66,14.01
70,24,11:27:37.000 PM,9.18,5.5,0.33,2.4,5.1,76.14
87,64,3:35:44.000 PM,1.32,5.44,6.84,9.02,9.57,35.46
20,24,4:38:09.000 PM,0.03,9.56,5.38,8.88,1.65,79.44
71,69,2:25:07.000 AM,1.45,2.13,7.93,0.8,4.31,38.91
52,88,3:09:07.000 AM,4.29,8.92,4.91,5.65,5.88,83.03
85,44,3:46:37.000 PM,3.66,8.84,8.55,9.25,0.81,21.19
30,38,6:26:56.000 AM,4.06,1.45,1.13,6.17,7.25,83.57
30,40,9:57:33.000 AM,3.45,9.61,7.64,6.06,5.2,35.64
2,91,3:24:27.000 AM,2.4,1.95,7.5,9.54,6.14,18.3
9,26,11:56:28.000 AM,1.9,5.54,7.91,3.14,5.11,44.79
12,4,7:28:46.000 PM,4.01,4.56,0.64,8.51,3.86,96.22
10,28,4:48:27.000 PM,8.23,9.67,4.94,2.99,2.25,31.84
66,97,6:01:48.000 AM,2.04,4.11,4.9,3.98,5.52,43.79
55,12,6:24:59.000 AM,6.7,1.27,0.39,6.56,3.42,96.49
40,89,5:12:58.000 PM,8.2,2.54,4.25,0.64,7.25,96.4
80,23,2:14:55.000 AM,7.07,1.84,4.52,6.34,6.14,5.88
53,47,8:40:33.000 AM,6.64,9.57,6.64,6.8,9.3,92.71
91,43,4:06:36.000 PM,8.84,9.77,6.01,3.56,0.29,60.97
88,29,4:41:22.000 AM,9.0,4.2,1.05,3.21,0.46,36.71
96,11,4:46:51.000 AM,4.89,5.4,7.46,6.54,1.27,70.68
99,6,9:04:03.000 AM,5.48,3.65,3.56,8.88,9.82,41.25
83,14,6:31:00.000 AM,5.82,6.64,8.11,5.21,0.3,49.12
6,30,11:53:38.000 PM,6.35,2.18,8.18,9.95,2.75,97.46
15,78,3:34:46.000 AM,9.88,4.55,6.11,4.59,7.8,82.24
51,67,9:32:15.000 PM,9.38,0.62,5.19,1.76,3.37,78.61
61,15,3:50:22.000 AM,4.9,6.12,1.97,4.24,6.14,84.15
36,75,5:16:44.000 AM,0.44,8.67,7.34,6.02,5.31,3.03
46,81,11:18:40.000 PM,8.95,5.14,3.78,8.11,2.68,69.85
67,13,8:05:39.000 AM,8.51,1.48,7.68,7.88,2.74,84.18
48,42,3:48:31.000 AM,0.88,3.15,3.04,2.13,4.06,40.48
64,72,1:54:36.000 PM,7.05,5.67,2.58,2.78,5.42,92.88
100,7,7:55:21.000 PM,4.64,2.02,0.72,9.85,1.93,36.45
55,92,12:03:31.000 PM,0.55,2.49,6.86,8.79,5.39,41.19
16,96,11:20:51.000 PM,5.0,9.99,4.83,1.77,5.85,11.34
69,78,3:46:21.000 AM,6.41,1.21,0.21,5.51,3.02,59.96
88,22,2:17:49.000 PM,2.63,0.08,9.42,8.12,5.56,3.54
28,25,7:39:20.000 PM,8.18,6.71,8.38,7.51,4.0,12.65
96,87,6:32:17.000 AM,7.54,5.65,6.91,0.37,9.39,81.05
10,0,11:17:26.000 PM,2.35,6.45,1.36,7.82,2.09,32.9
31,5,2:29:49.000 PM,5.81,8.39,3.93,1.94,7.67,24.96
40,94,3:33:36.000 AM,5.1,5.57,1.23,6.14,1.51,28.77
29,60,10:15:45.000 PM,7.99,3.81,5.07,9.57,9.58,87.97
11,97,1:05:19.000 AM,2.39,7.51,9.34,2.51,6.92,66.19
74,48,2:56:43.000 PM,2.73,4.07,0.63,9.76,2.36,4.89
89,74,5:57:48.000 PM,0.64,1.75,4.32,8.07,6.12,2.54
7,53,11:01:04.000 PM,4.19,7.28,8.87,7.23,0.14,73.03
62,74,4:22:41.000 AM,7.6,9.01,1.77,1.08,5.08,38.8
33,12,6:16:29.000 AM,0.32,7.07,2.7,0.47,1.25,40.44
15,76,10:18:31.000 PM,1.85,9.09,8.82,1.41,7.03,26.52
19,54,3:54:02.000 AM,0.64,3.74,8.2,2.04,2.24,28.94
15,54,11:28:09.000 PM,5.08,0.15,7.17,0.88,6.36,22.83
26,70,2:57:56.000 PM,4.35,9.65,4.37,1.74,9.0,16.76
13,34,2:33:50.000 AM,8.5,2.41,9.79,6.33,1.58,12.81
94,75,3:21:51.000 PM,4.32,7.25,4.43,0.89,8.88,66.01
86,43,9:14:46.000 PM,1.71,6.18,3.84,5.98,9.1,54.83
44,8,5:58:39.000 PM,9.37,5.46,4.26,9.89,8.16,74.39
62,91,2:56:16.000 AM,7.57,2.4,1.2,5.18,8.38,1.95
99,64,9:38:54.000 AM,1.44,2.67,4.97,7.22,4.42,62.43
26,92,8:33:41.000 AM,1.6,2.25,9.25,3.25,8.45,76.12
71,61,9:39:48.000 PM,6.57,1.43,7.1,2.51,1.1,80.22
65,58,4:55:24.000 AM,8.32,7.29,8.46,4.8,9.83,94.06
26,36,10:12:31.000 AM,4.64,7.61,5.05,7.88,3.76,49.54
55,26,6:00:15.000 AM,7.31,3.95,3.49,7.51,9.97,55.21
38,34,5:10:38.000 PM,9.47,0.69,1.46,3.07,6.74,22.46
82,22,4:44:49.000 AM,3.7,2.04,3.57,5.19,0.26,98.18
39,59,3:23:30.000 AM,7.69,7.51,4.16,1.51,7.77,72.24
100,81,5:43:32.000 PM,5.8,3.02,9.04,8.22,7.93,82.76
3,96,12:00:13.000 PM,0.89,2.68,9.89,2.31,6.21,13.68
92,93,1:13:18.000 PM,4.83,0.49,1.31,9.53,9.79,5.7
15,74,7:45:22.000 AM,7.35,5.48,6.8,3.95,1.95,26.01
100,94,6:55:22.000 PM,1.26,9.09,4.26,3.77,6.76,84.69
91,16,11:38:46.000 AM,8.99,4.5,6.99,2.73,0.49,79.17
26,38,3:14:57.000 AM,1.33,0.15,0.13,7.89,9.2,74.01
19,84,6:28:55.000 AM,5.5,6.45,9.05,4.81,7.17,51.67
79,94,2:52:36.000 AM,1.38,7.06,6.71,5.01,9.73,68.71
42,8,11:50:18.000 PM,8.82,2.1,2.46,8.67,8.05,29.33
40,7,7:18:04.000 AM,7.33,2.98,3.01,8.82,3.86,93.57
46,71,12:44:52.000 AM,2.23,2.06,1.75,2.64,1.45,44.56
97,42,7:37:26.000 PM,3.36,6.29,9.34,3.49,9.14,62.46
14,86,3:00:14.000 AM,5.85,3.65,2.92,3.24,0.1,32.49
52,39,3:32:58.000 PM,8.18,0.17,5.13,8.38,8.87,73.6
47,94,11:42:19.000 PM,6.92,3.14,2.75,6.77,5.16,23.17
71,54,9:29:53.000 AM,3.61,0.22,4.42,0.68,4.77,84.97
86,67,5:54:45.000 AM,6.15,9.61,7.97,1.55,2.77,13.88
30,24,3:05:17.000 PM,8.16,4.16,1.83,0.78,8.07,89.51
12,37,5:50:04.000 AM,2.13,8.94,4.21,3.16,9.46,57.09
46,51,3:52:50.000 PM,2.3,2.52,6.59,2.0,4.11,16.81
30,23,11:26:32.000 PM,4.65,2.28,7.83,2.87,2.9,63.38
7,23,6:13:13.000 AM,2.0,0.36,7.92,5.85,3.11,52.31
8,45,7:08:25.000 PM,5.31,0.08,4.55,1.53,6.03,49.58
75,23,6:42:20.000 PM,2.44,4.44,8.02,7.1,2.33,2.86
13,62,9:05:40.000 AM,2.19,0.81,0.43,8.3,4.05,94.01
14,28,10:17:54.000 PM,9.52,3.27,4.5,3.42,3.29,28.69
83,91,1:59:28.000 AM,4.2,9.72,2.33,6.96,7.66,57.16
66,58,9:18:12.000 AM,8.93,7.17,6.09,1.01,0.42,17.57
66,6,2:49:34.000 AM,0.27,5.88,0.31,8.53,8.2,9.76
96,10,7:53:43.000 AM,8.38,0.6,3.15,0.62,3.62,31.58
19,31,9:42:17.000 PM,5.36,7.44,0.86,3.03,2.25,5.09
21,1,6:28:54.000 PM,1.89,7.59,4.38,3.19,4.18,97.97
9,76,1:29:28.000 PM,2.57,8.22,1.74,7.09,2.14,71.86
43,44,11:16:19.000 AM,4.62,7.31,6.65,9.84,5.94,23.72
19,44,1:32:54.000 AM,4.66,4.73,4.65,8.38,3.28,90.12
44,27,5:12:43.000 PM,7.0,2.18,1.7,7.1,0.82,28.44
2,56,12:21:34.000 PM,9.88,4.05,2.41,7.81,3.61,95.97
4,54,1:24:36.000 AM,6.19,0.75,0.69,7.87,4.14,27.88
90,17,3:25:31.000 PM,3.44,4.93,6.3,9.14,2.23,2.01
77,16,6:52:41.000 PM,4.17,4.5,4.4,8.1,8.33,6.88
17,1,9:56:30.000 AM,8.38,3.86,6.71,7.45,1.83,96.07
95,87,11:39:04.000 AM,8.4,9.09,9.56,0.81,1.37,57.98
97,16,8:22:30.000 AM,0.99,4.97,6.12,0.69,2.17,53.92
35,47,9:31:51.000 PM,0.96,0.54,3.16,1.55,1.56,48.98
74,96,3:13:03.000 AM,9.37,1.0,4.9,2.49,0.41,8.06
19,2,3:41:58.000 AM,2.77,1.01,7.92,5.0,9.98,29.47
85,46,3:18:08.000 AM,5.88,1.96,0.11,3.66,0.05,56.01
38,69,9:32:40.000 AM,6.95,1.34,7.6,6.74,4.84,38.74
31,69,10:35:17.000 PM,3.24,0.64,6.93,5.01,7.67,18.73
77,9,4:46:27.000 PM,8.09,7.19,6.68,5.11,4.8,47.37
85,4,5:08:10.000 AM,6.93,6.24,1.65,4.66,9.44,96.26
37,89,5:21:46.000 PM,6.16,5.51,9.67,0.91,9.29,56.22
29,65,7:36:15.000 PM,7.45,2.05,2.68,5.8,8.98,63.92
56,40,7:41:31.000 AM,1.58,4.88,2.72,6.79,4.41,46.05
48,68,9:16:28.000 PM,8.64,3.47,2.91,5.03,8.61,8.84
15,76,6:29:52.000 AM,8.49,1.6,9.16,2.63,9.0,66.01
69,11,4:57:38.000 PM,8.15,9.39,8.26,1.73,5.78,8.0
49,61,2:04:25.000 PM,9.05,5.17,7.31,6.89,8.95,92.78
58,0,10:00:18.000 AM,4.66,7.16,3.61,0.42,0.3,9.48
60,64,2:23:42.000 PM,7.25,4.21,7.57,6.39,0.95,92.4
8,38,4:40:41.000 AM,5.53,7.02,1.13,3.69,5.5,69.29
21,55,3:14:39.000 PM,5.41,1.49,9.71,8.96,4.19,73.45
91,43,6:47:42.000 PM,7.57,8.41,0.96,6.74,0.4,10.91
15,2,1:52:00.000 AM,8.59,9.72,2.08,2.73,0.86,10.53
84,100,7:07:12.000 PM,4.41,5.64,1.74,8.33,1.11,95.1
76,22,6:54:21.000 AM,9.01,2.12,7.97,9.6,6.2,65.5
97,30,9:20:52.000 PM,0.78,1.78,9.15,8.97,5.64,36.83
91,69,8:33:55.000 AM,8.96,2.23,9.63,1.26,7.06,12.49
97,42,9:57:11.000 AM,8.97,8.88,7.97,1.82,6.15,77.55
40,40,1:24:01.000 PM,7.39,5.41,1.43,6.78,6.66,95.72
13,27,5:42:19.000 PM,5.64,8.47,2.94,4.14,5.55,75.35
75,52,2:19:24.000 AM,8.88,3.1,8.45,6.53,9.73,70.09
7,23,10:17:21.000 PM,1.78,4.78,4.51,0.3,5.65,92.09
83,65,7:54:20.000 PM,6.71,1.29,8.69,8.46,2.88,47.47
44,94,1:19:36.000 PM,3.93,6.13,8.41,0.61,4.95,92.27
3,45,9:39:43.000 AM,9.97,5.36,1.66,6.9,1.8,20.03
25,72,1:14:21.000 AM,0.75,7.48,0.86,7.41,4.04,9.87
29,68,5:33:34.000 PM,1.66,0.75,1.05,5.3,0.16,78.42
8,96,6:30:30.000 PM,7.01,5.17,7.84,0.5,7.8,81.4
37,100,8:17:15.000 PM,0.02,4.93,2.54,4.84,8.26,63.48
25,45,12:02:14.000 PM,5.71,1.35,2.13,7.51,1.87,85.23
10,38,8:16:02.000 PM,7.55,3.9,4.91,6.69,8.08,8.03
59,87,3:44:44.000 PM,6.17,8.67,4.04,0.87,7.28,70.19
57,70,10:09:48.000 AM,6.67,3.82,7.16,8.45,4.23,56.17
54,60,4:09:41.000 PM,6.18,7.82,4.52,3.26,3.55,13.25
13,30,8:01:36.000 PM,1.74,5.26,6.72,0.07,8.87,35.17
42,32,9:35:31.000 PM,7.07,5.47,0.13,7.39,9.17,68.38
13,66,11:32:10.000 PM,0.05,9.06,8.96,2.83,2.32,64.63
57,47,9:21:41.000 PM,8.28,9.11,0.07,4.48,3.58,47.37
33,28,1:32:31.000 AM,7.79,7.87,2.66,8.22,8.37,86.94
63,85,1:11:03.000 AM,9.27,6.27,1.95,7.66,8.75,45.65
43,82,7:28:26.000 PM,5.16,6.02,5.28,0.72,1.34,87.59
13,79,3:05:33.000 AM,2.84,7.35,7.29,5.05,3.43,6.55
75,24,7:04:22.000 PM,6.52,6.44,8.64,8.52,7.62,54.29
78,97,1:18:28.000 AM,2.67,1.19,7.33,5.21,0.32,35.79
21,76,9:35:16.000 PM,6.43,1.09,9.54,6.51,4.59,32.5
97,54,3:28:55.000 AM,0.78,5.45,3.42,7.3,4.14,64.67
15,27,7:08:58.000 AM,5.1,6.58,3.05,0.28,4.46,49.33
3,53,12:36:13.000 PM,2.72,7.17,9.9,2.31,9.4,42.2
66,54,11:14:02.000 PM,3.0,2.31,3.87,6.44,8.62,34.83
1,70,9:39:48.000 PM,4.12,3.16,4.2,5.32,5.56,0.84
26,80,7:45:45.000 AM,7.76,2.62,8.03,4.65,7.26,36.23
56,55,6:22:30.000 AM,4.83,2.32,8.25,7.35,6.69,64.08
52,88,2:49:24.000 AM,0.58,5.37,3.98,8.29,4.45,54.68
49,88,11:38:48.000 AM,3.36,4.53,7.78,1.53,2.49,65.34
78,66,3:09:49.000 PM,3.66,5.97,3.92,8.47,9.54,31.05
25,17,12:24:37.000 PM,3.42,6.72,8.9,8.44,1.38,65.2
40,15,11:08:16.000 AM,8.34,2.38,4.55,4.85,4.59,25.69
97,89,7:24:41.000 AM,9.85,9.78,1.18,9.66,3.7,18.86
30,89,7:47:39.000 AM,4.02,1.0,7.96,7.32,3.32,2.91
92,25,11:56:56.000 AM,6.17,0.48,6.11,8.97,9.08,6.32
11,8,2:57:06.000 AM,0.92,7.05,1.75,3.12,3.92,81.45
18,68,5:56:21.000 PM,5.06,9.88,6.06,4.91,6.91,63.91
79,55,1:31:38.000 AM,3.75,4.2,1.53,1.92,2.97,49.66
91,21,3:09:04.000 PM,7.19,9.58,1.82,9.85,3.95,75.17
36,69,10:49:44.000 AM,3.38,4.88,7.13,7.0,6.01,73.42
87,45,3:35:50.000 AM,3.76,3.28,6.06,5.02,6.8,98.53
34,100,11:42:44.000 PM,4.67,4.13,9.78,9.32,0.11,86.83
70,68,2:37:28.000 PM,0.68,8.25,2.56,4.95,0.22,51.35
31,12,1:53:53.000 PM,4.73,5.27,7.9,1.74,7.62,81.96
86,86,12:21:53.000 PM,9.99,9.08,7.27,0.83,0.13,10.72
78,64,11:04:21.000 AM,1.68,9.59,9.86,3.77,0.67,11.95
65,99,5:25:30.000 AM,7.09,8.48,1.91,8.68,4.55,31.14
53,48,2:00:11.000 AM,7.46,8.17,1.64,2.09,1.5,17.41
