user_id,session_id,timestamp,action_type,reaction_time,level_id,score,error_count,completion_time,hints_used
827,566,9:13:19.000 AM,pausa,4143,48,1756,1,79,4
65,466,10:36:10.000 PM,movimiento,3304,35,46,5,253,0
109,475,8:47:25.000 PM,ataque,2119,1,1493,10,399,1
81,339,7:20:49.000 AM,ataque,4059,15,3882,8,280,2
878,490,11:52:11.000 AM,pausa,553,50,5755,7,136,1
292,637,12:08:34.000 PM,seleccion,2875,27,7692,10,40,4
118,759,2:53:33.000 PM,defensa,3259,48,4088,1,551,3
694,734,12:50:31.000 PM,ataque,254,31,9887,7,565,2
811,784,8:38:53.000 PM,movimiento,203,10,2166,1,111,3
571,384,3:18:46.000 PM,movimiento,2377,42,4247,8,149,5
503,999,11:32:30.000 AM,movimiento,2680,36,6455,5,491,5
432,64,10:56:19.000 AM,seleccion,3994,12,6286,7,182,1
714,485,4:52:38.000 AM,seleccion,2261,23,3106,0,408,5
829,369,5:34:33.000 PM,movimiento,2346,1,4546,2,339,1
948,959,12:30:02.000 PM,seleccion,3165,3,6516,8,312,3
56,994,11:16:45.000 PM,movimiento,1640,22,888,7,87,2
235,153,7:05:17.000 AM,ataque,4853,42,6272,3,385,0
505,293,7:20:28.000 PM,ataque,4467,31,4209,10,134,0
383,921,4:14:03.000 AM,seleccion,1089,42,2616,10,111,5
2,336,4:32:32.000 AM,movimiento,219,12,2270,0,146,0
64,751,7:00:11.000 AM,defensa,3089,18,43,10,123,1
158,481,2:44:05.000 PM,defensa,1775,28,5734,4,480,1
50,750,2:49:21.000 PM,defensa,972,1,207,9,317,2
886,73,4:25:18.000 AM,movimiento,4632,39,15,1,527,3
730,925,6:30:04.000 PM,seleccion,4940,32,8785,6,285,0
798,777,2:37:21.000 AM,movimiento,647,7,5441,5,317,3
25,758,3:57:34.000 AM,defensa,2602,48,2738,6,408,1
954,208,8:04:37.000 PM,seleccion,1407,41,6645,7,183,2
474,920,9:18:40.000 PM,ataque,3003,49,3932,2,528,4
605,74,9:40:29.000 PM,ataque,644,4,6958,2,277,4
746,881,8:46:08.000 PM,movimiento,4090,6,3988,1,476,1
19,818,7:06:10.000 AM,ataque,4251,2,6224,3,425,3
212,700,11:40:39.000 AM,pausa,4733,14,9013,6,381,5
969,671,4:29:32.000 AM,ataque,3135,31,193,8,324,0
214,825,4:13:25.000 PM,defensa,3356,3,6864,10,316,1
349,476,3:15:22.000 PM,movimiento,3134,46,7612,10,314,4
82,658,5:23:54.000 AM,seleccion,1180,16,5074,10,332,5
777,318,7:40:21.000 PM,seleccion,3671,32,2488,1,426,2
864,331,1:15:11.000 AM,ataque,4733,12,9404,8,328,0
124,783,11:58:14.000 AM,ataque,4402,22,10000,2,190,5
37,571,2:38:22.000 AM,defensa,2036,29,3064,5,445,1
795,995,4:06:22.000 AM,movimiento,1510,16,4089,9,209,2
670,741,12:07:37.000 PM,defensa,775,11,2327,7,229,4
690,563,12:18:53.000 PM,movimiento,1762,43,4740,7,107,0
791,420,12:43:10.000 PM,defensa,4972,32,3192,2,141,1
709,525,12:58:04.000 AM,ataque,4257,24,9000,5,595,1
566,858,1:29:51.000 PM,ataque,4180,9,7042,7,442,3
298,760,2:43:16.000 PM,movimiento,4246,4,1687,10,302,5
144,606,4:04:11.000 AM,ataque,3236,15,344,5,533,3
800,129,7:56:59.000 AM,pausa,4408,20,1579,4,235,2
272,6,5:56:24.000 AM,seleccion,3894,42,7179,5,511,3
25,123,6:07:49.000 AM,ataque,1720,6,3506,1,204,4
762,161,2:24:05.000 PM,pausa,2035,22,8559,8,555,5
50,706,7:23:07.000 PM,movimiento,3799,23,3406,10,171,5
821,935,10:20:47.000 AM,seleccion,2164,30,9334,0,246,3
510,187,6:29:22.000 PM,defensa,1598,23,2622,7,492,1
347,958,5:54:25.000 AM,ataque,2680,26,4925,1,584,1
449,384,9:35:00.000 AM,ataque,3470,50,5685,6,309,0
851,62,9:10:51.000 AM,pausa,4708,30,3678,5,337,4
161,479,9:04:09.000 AM,movimiento,3878,26,7935,7,323,0
83,653,9:59:15.000 PM,ataque,4561,15,962,5,155,1
512,817,7:35:44.000 AM,movimiento,2175,46,4473,8,348,1
184,851,12:29:11.000 AM,movimiento,2638,33,5631,10,264,4
423,468,10:23:41.000 PM,defensa,3718,19,6293,2,519,2
67,637,10:23:04.000 PM,defensa,3756,43,5832,2,496,0
693,272,6:13:56.000 AM,pausa,274,31,8499,4,402,2
665,251,10:55:23.000 AM,ataque,4483,23,2159,1,70,4
879,667,6:24:30.000 PM,ataque,2608,2,2665,2,438,2
693,203,9:56:41.000 PM,defensa,3170,34,957,1,255,1
534,819,1:29:51.000 AM,defensa,4206,35,924,4,90,4
720,547,2:49:18.000 PM,movimiento,2327,46,125,10,99,1
981,829,12:25:56.000 AM,pausa,2716,46,882,10,244,1
259,662,6:21:43.000 AM,seleccion,402,1,3178,6,270,5
266,381,3:26:04.000 PM,seleccion,2097,48,7674,10,388,3
157,38,12:18:13.000 PM,pausa,4200,3,734,10,573,0
284,4,5:54:44.000 PM,ataque,176,11,5080,5,294,5
153,553,8:27:50.000 AM,ataque,442,43,2448,8,207,0
535,211,1:49:16.000 PM,seleccion,3950,25,7931,4,514,1
896,459,11:08:28.000 PM,defensa,3352,45,2560,8,196,2
238,720,10:07:11.000 PM,ataque,1583,26,5163,9,385,4
705,177,7:03:43.000 AM,defensa,340,34,8945,9,144,2
257,927,1:08:55.000 AM,defensa,945,6,4567,7,575,2
801,518,5:41:44.000 AM,pausa,3696,37,9172,10,67,3
897,575,6:45:35.000 PM,defensa,3751,37,8779,7,599,2
898,900,8:34:22.000 AM,defensa,4550,2,9350,4,401,0
247,667,4:36:21.000 AM,movimiento,3238,31,3021,2,577,3
83,736,8:10:39.000 AM,movimiento,3804,28,7934,7,593,4
741,705,7:43:46.000 PM,seleccion,1248,4,8950,9,227,5
836,751,1:16:28.000 PM,seleccion,3358,23,8190,5,456,3
90,976,8:06:13.000 AM,defensa,3825,2,9829,5,583,2
23,466,9:04:14.000 AM,seleccion,3004,21,9169,10,506,4
818,310,1:37:23.000 PM,ataque,4779,38,9331,9,244,1
678,277,2:37:51.000 AM,ataque,1651,46,8922,9,306,2
541,318,7:58:09.000 PM,defensa,2947,6,8026,1,330,4
410,25,2:19:23.000 AM,seleccion,2886,50,2625,1,174,4
89,502,8:28:45.000 PM,pausa,3343,3,3475,4,385,2
989,946,7:08:59.000 PM,seleccion,1877,36,9459,0,444,0
341,472,4:20:29.000 AM,defensa,591,41,3353,3,251,2
119,317,2:32:08.000 PM,ataque,1348,35,9835,5,420,5
752,399,11:53:25.000 PM,seleccion,547,29,3610,8,540,3
594,606,1:39:28.000 PM,ataque,1516,10,1717,0,521,4
327,308,4:48:44.000 AM,ataque,4271,44,4490,1,291,4
552,261,7:53:05.000 PM,ataque,4184,46,3661,10,117,4
138,432,10:18:36.000 AM,pausa,4105,34,4240,6,464,3
920,249,12:10:34.000 PM,pausa,4733,16,8820,3,316,3
156,20,7:52:11.000 AM,pausa,3193,38,4056,7,37,0
71,994,12:19:33.000 AM,movimiento,3725,12,7604,0,109,2
475,851,9:31:42.000 AM,ataque,526,37,1873,1,236,0
235,455,9:49:49.000 AM,pausa,3509,17,7033,2,161,3
183,472,4:00:47.000 PM,movimiento,2050,14,7537,8,58,0
856,620,3:05:23.000 PM,ataque,4595,30,1624,6,456,5
952,256,11:51:28.000 AM,seleccion,1600,4,7581,7,270,2
725,206,12:32:22.000 AM,seleccion,3123,19,1086,0,206,3
907,373,3:23:40.000 PM,ataque,1699,27,4737,4,572,3
422,965,4:10:16.000 PM,movimiento,4674,49,7473,10,580,3
915,237,5:30:45.000 AM,defensa,813,26,9278,8,346,2
258,695,6:06:07.000 AM,defensa,1781,8,9610,6,101,0
621,555,6:06:01.000 AM,defensa,3269,41,2321,6,32,0
653,423,12:37:47.000 PM,defensa,639,8,8579,2,472,5
479,5,11:54:35.000 AM,ataque,3438,50,1931,10,77,5
2,136,9:27:00.000 AM,ataque,4125,29,9808,2,591,3
83,338,3:14:54.000 PM,ataque,1955,1,8311,4,508,1
399,532,6:21:29.000 AM,defensa,4561,25,7350,8,532,2
462,132,4:17:15.000 PM,ataque,713,5,828,8,497,5
81,110,9:48:13.000 PM,ataque,2858,34,6704,7,388,2
908,680,8:46:56.000 AM,ataque,4805,28,7122,0,62,2
950,406,8:53:16.000 PM,pausa,4384,15,740,1,312,3
914,321,11:29:43.000 AM,movimiento,2036,24,7763,1,331,0
125,284,4:50:06.000 AM,defensa,1453,40,9697,3,100,3
614,355,6:04:44.000 PM,ataque,3055,24,3093,4,40,3
661,177,9:40:11.000 PM,seleccion,3849,38,1808,1,562,4
994,493,12:19:52.000 AM,defensa,3470,40,1163,4,51,3
967,351,12:08:28.000 AM,seleccion,719,15,8666,0,478,4
930,267,7:00:03.000 PM,pausa,523,7,375,2,263,0
304,748,2:47:35.000 AM,movimiento,106,22,9052,4,313,2
479,641,2:02:44.000 PM,pausa,572,23,2998,5,499,1
489,270,1:50:04.000 AM,defensa,4060,49,4219,3,251,5
301,506,1:55:48.000 PM,seleccion,3285,7,2858,8,469,1
708,102,8:56:36.000 AM,movimiento,4896,30,5993,3,370,2
125,303,9:20:34.000 PM,seleccion,1403,42,3624,8,382,2
17,676,6:18:57.000 PM,movimiento,892,11,6352,5,217,3
126,595,6:35:23.000 PM,pausa,3052,49,8285,6,96,2
600,774,12:48:44.000 AM,movimiento,3194,1,2567,2,310,1
38,252,9:30:14.000 AM,defensa,4221,22,1631,4,65,2
545,118,12:13:29.000 AM,ataque,3345,11,1153,9,230,3
643,579,9:02:07.000 PM,movimiento,2273,36,8557,10,280,2
140,426,4:25:21.000 AM,ataque,981,48,8419,2,75,3
509,684,6:08:56.000 PM,seleccion,2225,12,6139,0,128,4
971,947,3:55:51.000 PM,ataque,844,48,1809,1,330,2
417,285,6:08:09.000 PM,seleccion,968,22,6186,2,191,3
175,854,2:37:01.000 PM,pausa,4230,33,5533,9,540,4
728,940,9:04:31.000 PM,ataque,4556,19,751,3,296,0
765,114,1:47:27.000 PM,movimiento,3953,3,1800,1,214,3
384,711,11:21:35.000 AM,seleccion,1369,5,183,3,523,5
26,792,10:50:47.000 AM,seleccion,1314,26,8384,9,202,2
725,940,4:25:12.000 PM,pausa,1545,20,7077,2,320,2
340,203,3:29:37.000 AM,movimiento,4347,41,4639,9,279,4
143,221,2:54:52.000 PM,ataque,3016,10,7003,7,455,4
126,329,6:40:34.000 AM,ataque,3300,43,5999,6,305,1
73,159,4:50:05.000 AM,ataque,2419,44,1247,1,114,4
403,561,10:02:27.000 PM,seleccion,1980,45,7961,9,417,4
633,592,3:43:57.000 PM,defensa,4850,37,908,5,372,5
107,974,12:56:40.000 PM,pausa,4558,1,4580,2,322,5
993,819,11:02:04.000 AM,pausa,3096,24,6021,2,325,4
629,718,12:44:07.000 AM,seleccion,4540,29,4714,10,292,5
403,914,12:04:06.000 AM,defensa,1486,8,6452,4,221,5
745,263,2:26:57.000 AM,defensa,3923,32,4183,1,77,3
856,868,3:45:39.000 AM,movimiento,423,6,4616,0,205,1
444,11,6:00:29.000 AM,movimiento,4163,25,363,1,538,3
261,167,9:05:48.000 PM,movimiento,2100,45,7988,2,128,1
297,733,8:09:33.000 PM,pausa,1969,34,6337,5,201,5
800,465,2:59:52.000 PM,pausa,1816,27,2925,10,325,2
530,18,2:40:49.000 PM,seleccion,4753,6,8993,2,41,4
988,194,11:50:29.000 PM,ataque,3099,25,1006,0,273,0
128,840,9:01:06.000 PM,ataque,136,4,7910,4,191,4
577,280,11:22:38.000 AM,movimiento,2034,37,3089,6,422,0
414,4,8:57:47.000 AM,ataque,4544,14,5272,2,367,5
552,122,5:13:57.000 AM,ataque,1002,18,2127,6,373,4
124,690,10:25:33.000 AM,seleccion,684,12,3986,2,408,3
639,166,12:57:54.000 AM,movimiento,4968,18,4513,1,95,0
997,568,10:12:46.000 PM,seleccion,2863,25,7856,8,140,1
293,884,6:37:40.000 PM,seleccion,1049,7,1049,2,105,0
724,193,6:51:53.000 PM,seleccion,4571,47,5211,4,250,4
266,84,11:14:51.000 AM,ataque,2989,31,2431,10,263,4
429,688,11:11:42.000 PM,seleccion,3279,15,7594,9,282,4
499,812,8:43:37.000 AM,pausa,3615,27,7274,4,518,3
712,620,4:44:56.000 PM,ataque,2904,41,9652,10,421,0
183,454,9:52:35.000 PM,seleccion,441,29,5840,4,431,0
83,27,6:15:31.000 AM,ataque,2875,36,1257,9,385,3
192,806,12:07:27.000 AM,defensa,1425,44,7979,1,300,4
698,41,11:11:29.000 PM,defensa,679,30,6307,4,210,5
922,624,1:42:21.000 PM,movimiento,3040,28,1475,2,540,1
786,963,10:30:36.000 AM,movimiento,534,35,3509,3,589,4
166,68,7:45:40.000 AM,pausa,190,41,9669,6,408,2
26,729,1:48:53.000 AM,movimiento,3069,30,8514,9,109,4
807,435,12:44:31.000 AM,defensa,2510,33,5913,9,41,0
916,281,3:38:36.000 PM,ataque,780,25,7998,9,308,3
326,54,1:02:58.000 PM,ataque,1782,1,5360,5,475,2
402,137,1:28:17.000 PM,movimiento,1795,29,3062,7,102,4
726,596,11:45:36.000 PM,ataque,351,11,3937,8,560,3
904,135,6:11:20.000 PM,ataque,2370,27,99,8,185,0
409,655,9:01:31.000 AM,seleccion,1509,22,5933,9,240,2
623,186,10:33:49.000 AM,defensa,2131,9,5762,3,259,5
103,336,1:37:03.000 AM,ataque,3637,50,4353,9,421,0
422,855,3:29:04.000 PM,ataque,4183,18,726,10,334,1
332,570,7:43:32.000 AM,movimiento,3504,38,6351,5,180,1
755,119,9:48:42.000 PM,pausa,2341,4,118,2,370,0
962,892,5:24:24.000 AM,seleccion,3983,35,4593,10,249,2
912,589,12:54:46.000 PM,seleccion,4896,39,3532,1,174,2
90,479,10:07:14.000 AM,defensa,2486,8,4699,6,309,4
361,60,5:28:10.000 AM,defensa,1929,39,1920,7,483,3
66,549,10:36:54.000 PM,pausa,4044,44,7211,5,493,1
24,253,3:36:30.000 PM,pausa,3555,47,5749,2,446,1
565,364,4:08:24.000 PM,ataque,963,37,2752,3,468,2
992,865,7:22:26.000 PM,movimiento,410,46,5990,9,415,3
323,744,2:22:29.000 PM,seleccion,376,7,9603,10,118,4
235,198,2:54:06.000 AM,movimiento,4442,40,1561,6,162,0
171,332,4:10:47.000 AM,defensa,3388,23,1337,3,137,4
12,255,11:19:51.000 PM,seleccion,1978,43,5722,9,411,2
71,482,2:13:39.000 PM,defensa,726,29,6587,7,445,2
751,258,9:05:01.000 AM,seleccion,1779,5,6996,4,369,3
631,716,6:36:55.000 PM,movimiento,3593,1,5714,6,39,3
493,614,6:39:36.000 AM,movimiento,2165,25,1215,1,366,0
270,589,5:42:29.000 PM,defensa,1763,33,3764,8,235,5
4,689,4:48:12.000 PM,ataque,1022,19,6638,4,114,5
894,232,9:26:39.000 PM,defensa,2683,2,1428,8,206,5
38,193,10:16:02.000 PM,ataque,3731,43,3117,7,337,5
184,30,8:39:47.000 PM,ataque,3135,12,8555,2,226,2
844,333,3:09:27.000 AM,ataque,4669,21,7148,6,112,4
428,348,7:26:25.000 PM,seleccion,2154,9,7157,8,541,3
135,531,10:58:39.000 AM,movimiento,311,36,2716,1,570,0
697,648,5:23:10.000 PM,seleccion,3927,36,3278,6,156,5
535,570,8:05:19.000 PM,seleccion,466,41,5158,7,282,5
341,953,12:33:02.000 AM,ataque,3459,2,8939,9,598,3
912,506,11:13:02.000 PM,movimiento,2952,16,5581,3,379,2
661,29,9:32:14.000 PM,movimiento,2385,12,7680,8,153,0
653,121,10:25:32.000 AM,ataque,339,46,5400,0,475,0
215,245,4:21:28.000 AM,seleccion,1647,35,7525,2,348,2
640,341,11:52:59.000 PM,defensa,4040,13,9893,3,42,3
664,648,12:17:32.000 PM,seleccion,4377,9,9349,9,139,4
402,958,6:35:58.000 AM,seleccion,3195,20,6667,5,311,1
280,265,10:43:57.000 AM,ataque,2188,44,8843,5,59,3
779,518,4:00:14.000 PM,seleccion,4921,23,2557,2,131,4
477,782,1:35:32.000 AM,defensa,1584,8,982,0,486,0
878,128,5:00:53.000 PM,movimiento,2976,44,9836,1,314,2
888,44,12:59:12.000 AM,defensa,4816,21,5904,1,74,2
777,859,9:12:57.000 AM,defensa,275,2,5637,8,346,1
417,532,2:23:18.000 AM,ataque,3263,29,4317,7,551,2
83,483,12:32:51.000 PM,seleccion,4061,29,4010,1,66,3
620,403,12:01:40.000 PM,defensa,3470,44,2904,6,544,4
602,778,5:37:45.000 AM,pausa,3335,44,6484,4,349,2
998,26,2:01:27.000 AM,movimiento,780,22,6590,3,148,3
23,212,4:41:49.000 PM,ataque,3205,36,4214,6,32,1
492,759,3:04:12.000 AM,movimiento,3866,8,1530,3,124,1
987,806,10:56:31.000 AM,movimiento,3476,48,7794,1,139,4
302,199,5:50:21.000 PM,movimiento,3753,18,502,8,84,1
400,424,5:11:29.000 PM,ataque,922,20,160,0,181,5
853,22,11:58:51.000 AM,defensa,3587,10,1271,6,320,2
989,370,10:11:17.000 PM,seleccion,729,14,849,6,555,2
332,450,7:40:23.000 PM,seleccion,3596,24,5818,5,58,2
194,618,2:25:48.000 PM,movimiento,127,48,4086,8,573,2
92,118,6:46:21.000 PM,pausa,2310,50,931,7,468,0
770,163,10:15:22.000 AM,seleccion,1391,20,2271,8,514,2
71,474,3:07:55.000 AM,ataque,954,35,9613,5,404,0
725,895,3:30:31.000 PM,pausa,1030,31,3622,9,431,3
794,301,2:20:40.000 PM,defensa,4101,34,8195,10,462,3
992,882,7:24:38.000 PM,ataque,4193,36,5790,2,409,5
596,261,9:37:43.000 AM,movimiento,4024,15,5398,3,313,4
144,625,11:36:47.000 PM,defensa,1597,28,7247,9,131,4
948,905,6:02:09.000 PM,seleccion,4107,30,3495,9,384,5
998,849,10:58:11.000 AM,pausa,4468,14,8967,5,526,4
809,572,8:04:18.000 PM,movimiento,949,8,6096,3,220,1
958,344,10:03:16.000 AM,defensa,2147,31,5347,8,484,0
206,423,8:30:45.000 AM,movimiento,2765,29,6040,4,332,0
437,158,2:59:07.000 AM,defensa,2321,45,1094,3,163,4
739,373,11:49:08.000 AM,ataque,977,44,9356,3,532,3
586,697,3:50:59.000 PM,seleccion,2150,25,6557,6,333,1
517,85,4:49:50.000 AM,movimiento,2122,21,2833,8,275,5
900,611,10:22:18.000 PM,defensa,829,11,5544,6,350,3
763,81,7:16:20.000 PM,defensa,307,50,3480,2,476,4
385,749,12:33:44.000 PM,defensa,3317,29,4736,7,412,5
138,888,8:59:19.000 PM,movimiento,4259,37,8066,10,309,5
743,882,8:53:08.000 AM,seleccion,2891,13,3530,6,323,0
750,420,2:10:46.000 AM,defensa,2183,31,5599,6,226,3
442,253,3:14:08.000 AM,pausa,4714,12,6641,4,433,1
901,661,1:53:41.000 AM,ataque,3534,49,8921,4,591,4
167,798,11:20:54.000 PM,ataque,1756,45,6295,6,471,3
346,32,1:48:59.000 AM,seleccion,1774,47,6301,2,544,1
779,353,2:16:45.000 AM,seleccion,4344,49,3065,7,385,1
450,960,7:40:33.000 PM,movimiento,3039,36,8465,9,270,1
447,5,6:06:01.000 PM,pausa,2181,32,2938,8,463,1
335,672,12:32:41.000 AM,movimiento,1714,32,5539,1,181,4
101,659,11:53:57.000 PM,defensa,1675,42,4582,6,386,5
601,792,1:03:14.000 PM,seleccion,3994,33,5650,7,204,5
428,520,5:55:49.000 PM,ataque,2052,38,2051,0,209,4
802,945,2:38:18.000 AM,movimiento,4294,27,3052,7,224,2
76,195,7:59:57.000 AM,seleccion,1386,38,5326,8,385,2
357,280,12:11:00.000 PM,pausa,4489,48,4571,3,75,5
667,941,4:50:06.000 AM,movimiento,1529,45,9908,9,118,4
308,587,3:03:57.000 PM,pausa,2044,31,8346,5,559,2
151,337,1:39:04.000 PM,pausa,4704,18,6367,5,276,4
40,512,3:37:12.000 AM,movimiento,1847,49,576,8,425,2
911,521,1:47:04.000 PM,pausa,3861,35,2005,2,550,1
92,314,11:21:28.000 AM,pausa,2177,35,6043,7,285,2
706,327,12:09:49.000 PM,defensa,4941,35,5148,1,530,1
986,533,2:42:30.000 AM,pausa,2217,28,4514,10,353,3
937,306,10:55:00.000 AM,seleccion,1239,21,3545,9,311,3
508,251,3:26:27.000 PM,movimiento,1726,13,241,3,555,4
101,152,4:44:22.000 AM,defensa,3644,38,3114,0,451,4
872,691,6:50:01.000 PM,pausa,3515,36,9298,3,71,4
22,758,3:53:45.000 AM,defensa,1294,36,3090,10,52,4
824,316,11:48:26.000 AM,movimiento,3162,46,7616,1,133,1
516,364,2:14:45.000 PM,pausa,3092,32,319,3,511,2
237,35,5:25:03.000 AM,seleccion,4026,39,4611,6,63,2
454,669,3:00:30.000 AM,pausa,225,17,645,2,258,5
661,629,11:05:10.000 PM,seleccion,3035,3,9589,0,594,3
501,194,4:06:25.000 AM,ataque,3179,24,3839,9,507,0
898,385,5:10:51.000 AM,pausa,370,49,1939,6,439,3
595,736,3:51:44.000 PM,defensa,3251,17,3836,7,518,3
457,660,9:42:33.000 PM,pausa,399,19,2693,7,416,5
588,743,10:14:10.000 PM,movimiento,3443,37,7447,9,513,4
797,609,4:01:19.000 PM,pausa,4861,37,1147,10,262,0
138,784,3:15:41.000 AM,movimiento,2386,29,7469,9,153,3
517,544,3:24:01.000 PM,movimiento,1783,48,5672,10,163,4
470,729,8:17:18.000 PM,seleccion,3442,33,5388,7,140,0
472,714,12:11:29.000 AM,seleccion,707,9,1898,4,149,1
657,132,9:42:43.000 AM,seleccion,3431,26,8297,5,543,5
1000,899,12:50:34.000 AM,pausa,2626,49,9224,0,237,0
284,813,2:36:37.000 AM,seleccion,1674,38,3092,10,412,2
305,94,12:16:16.000 PM,movimiento,1103,22,3015,3,413,2
6,270,7:46:09.000 AM,seleccion,1365,39,4602,4,331,4
55,634,5:11:37.000 PM,ataque,4706,35,2553,10,510,3
499,376,6:25:21.000 PM,defensa,3821,46,5211,4,232,2
703,368,11:38:41.000 PM,defensa,537,42,476,5,263,5
658,827,4:23:07.000 PM,movimiento,3699,30,6075,4,39,5
685,614,4:32:18.000 AM,pausa,1454,12,9120,3,381,4
113,750,2:18:52.000 PM,ataque,3192,6,6425,3,331,3
803,676,12:55:02.000 AM,pausa,4916,15,3243,9,231,1
728,81,4:07:48.000 AM,defensa,3712,48,833,5,32,3
990,235,12:07:24.000 AM,defensa,486,29,3402,8,386,1
231,361,12:57:16.000 AM,ataque,2757,37,8782,3,218,5
728,172,6:42:42.000 AM,seleccion,185,30,5416,0,279,1
394,452,7:47:16.000 AM,defensa,3584,39,7645,1,54,2
38,508,5:47:27.000 PM,ataque,2682,38,6668,4,203,1
710,148,1:34:40.000 AM,movimiento,182,19,6913,0,310,0
701,835,10:55:03.000 AM,ataque,4157,40,4278,3,69,3
461,375,8:29:56.000 PM,pausa,4885,41,423,7,65,3
834,581,6:35:02.000 AM,ataque,2749,39,7737,8,184,1
464,396,3:42:01.000 PM,defensa,4597,38,6999,5,314,1
398,733,1:16:13.000 AM,seleccion,235,28,1243,5,546,5
673,53,6:27:04.000 AM,movimiento,2781,11,1927,5,325,2
248,858,8:30:56.000 PM,defensa,2901,36,3648,3,414,2
420,505,4:56:55.000 AM,pausa,4783,40,7571,5,46,3
778,113,12:39:47.000 AM,pausa,4729,50,8925,8,439,1
76,142,10:14:42.000 AM,movimiento,3634,45,2637,8,123,1
945,868,10:19:45.000 AM,movimiento,3533,18,9799,9,259,2
743,788,8:36:18.000 AM,defensa,4181,6,1085,2,458,5
475,834,12:21:02.000 AM,movimiento,283,45,97,7,433,5
902,838,8:15:28.000 PM,defensa,2913,42,9795,3,304,4
317,230,2:15:09.000 PM,seleccion,3598,26,8435,0,454,0
187,929,9:46:15.000 AM,movimiento,3064,27,1320,7,104,0
249,365,8:48:34.000 AM,defensa,4474,20,6089,3,211,1
750,380,10:00:18.000 AM,movimiento,3236,15,4020,2,383,1
143,383,9:54:41.000 AM,pausa,3210,48,2373,8,288,3
726,951,1:07:42.000 PM,pausa,2915,4,7283,4,234,3
249,535,2:18:00.000 AM,seleccion,4423,36,4010,10,542,5
496,13,3:37:59.000 AM,defensa,3994,16,8191,3,418,4
657,779,6:06:03.000 PM,defensa,3417,48,5871,3,309,3
482,806,11:03:28.000 AM,pausa,1627,30,5164,1,539,0
679,291,6:05:58.000 PM,seleccion,4102,45,2011,2,339,2
541,919,6:04:16.000 AM,ataque,676,16,6305,1,130,3
400,574,3:10:18.000 PM,ataque,3532,47,364,2,545,5
293,800,10:33:44.000 PM,defensa,4130,13,2866,6,80,0
194,935,4:58:55.000 AM,pausa,1543,9,4837,1,327,1
761,455,1:52:11.000 PM,pausa,3283,7,1829,7,164,5
982,39,10:54:03.000 AM,seleccion,3959,16,7518,10,326,1
240,489,12:50:06.000 PM,pausa,565,3,7598,0,226,0
33,899,7:37:18.000 PM,defensa,1024,31,6243,9,324,4
646,418,11:45:06.000 AM,ataque,4230,32,6284,3,480,2
781,519,2:00:14.000 AM,pausa,1845,34,9093,0,284,3
360,757,12:27:15.000 AM,movimiento,2620,32,6366,1,56,1
634,31,1:16:00.000 AM,ataque,4423,5,7749,6,485,4
86,478,3:23:13.000 AM,seleccion,3367,38,4328,6,475,5
620,562,7:30:33.000 AM,defensa,549,35,6807,2,597,1
345,879,9:33:57.000 AM,movimiento,4130,14,6044,4,154,5
32,315,1:37:09.000 AM,seleccion,3044,46,132,1,427,5
191,863,11:40:27.000 PM,pausa,2338,1,6393,8,567,2
919,656,11:49:23.000 AM,ataque,2592,42,8283,5,226,3
257,728,7:29:47.000 AM,seleccion,4757,27,2198,3,316,3
807,664,10:59:52.000 PM,seleccion,3349,42,584,3,419,0
914,10,7:48:20.000 AM,defensa,4246,14,9223,0,523,2
404,518,10:00:18.000 PM,seleccion,4075,22,8271,7,212,0
854,436,10:11:46.000 AM,pausa,1061,38,1888,5,95,1
719,4,9:11:56.000 PM,movimiento,3529,10,4042,2,582,5
322,76,10:21:38.000 PM,pausa,2033,20,9557,6,387,0
121,572,3:40:38.000 PM,seleccion,1659,14,209,8,231,1
330,302,3:21:26.000 AM,movimiento,1518,10,6061,10,112,5
140,829,12:05:53.000 AM,movimiento,1962,44,3382,8,545,4
224,67,6:57:15.000 PM,seleccion,116,10,9426,1,95,2
49,452,4:40:58.000 AM,defensa,3585,4,5731,1,348,3
595,25,7:35:01.000 PM,movimiento,192,15,1810,10,423,2
597,753,2:08:09.000 PM,ataque,4671,11,8845,10,199,3
343,235,4:19:12.000 AM,movimiento,3322,46,7315,8,98,3
182,559,6:21:51.000 AM,defensa,2465,38,4820,5,344,3
108,269,8:05:26.000 AM,movimiento,2295,34,7811,0,427,5
593,315,7:20:56.000 PM,seleccion,1375,33,7987,8,268,3
124,442,12:22:13.000 AM,defensa,3559,39,5726,7,276,3
711,912,10:09:21.000 PM,defensa,693,9,5946,4,233,3
614,762,5:36:54.000 PM,defensa,838,18,8030,4,31,3
242,474,8:03:35.000 AM,ataque,1877,4,9535,1,73,5
876,231,7:21:58.000 AM,movimiento,4568,10,9187,9,334,2
238,275,11:46:50.000 PM,defensa,996,4,1597,0,184,1
537,379,11:20:10.000 PM,defensa,1641,46,9040,1,334,3
403,425,7:39:15.000 AM,movimiento,1467,16,2852,3,426,1
327,721,5:35:01.000 PM,movimiento,2355,26,9217,7,340,3
875,965,11:03:49.000 PM,defensa,3038,5,1888,4,400,4
768,173,12:07:00.000 AM,pausa,228,23,9080,5,593,4
879,146,4:08:00.000 AM,pausa,1248,14,6614,4,261,1
925,855,2:59:49.000 PM,ataque,4187,44,4063,4,452,5
329,974,11:32:53.000 PM,seleccion,4686,49,5659,1,376,5
931,562,9:55:21.000 PM,pausa,4186,34,3462,6,80,5
201,332,6:38:17.000 AM,movimiento,462,35,1851,8,404,4
481,370,11:29:30.000 AM,ataque,3887,40,3437,7,442,1
528,765,6:45:19.000 PM,defensa,3140,47,6210,4,292,3
81,655,10:46:59.000 PM,pausa,426,26,7333,2,417,2
851,5,3:36:47.000 PM,pausa,3781,30,1597,2,98,4
424,180,11:25:25.000 PM,ataque,3873,30,1418,9,241,4
158,734,3:55:26.000 PM,movimiento,1691,25,4208,7,393,3
66,542,12:11:22.000 AM,ataque,122,36,4623,7,362,2
696,723,10:18:29.000 AM,ataque,672,49,8065,1,301,1
114,64,10:35:00.000 AM,movimiento,3891,7,3580,9,230,0
749,169,7:04:37.000 AM,defensa,3891,34,7505,7,247,3
565,641,12:42:37.000 PM,pausa,2616,15,285,4,55,2
361,103,7:06:24.000 AM,pausa,4755,11,144,8,130,1
414,448,8:44:48.000 AM,defensa,3809,31,5390,0,69,3
48,375,6:26:16.000 PM,seleccion,3772,42,6469,3,300,5
205,112,11:47:22.000 PM,seleccion,3039,43,2387,3,120,3
508,868,8:50:51.000 PM,defensa,507,24,391,5,442,1
902,940,12:03:54.000 AM,movimiento,1355,27,7678,4,448,3
121,566,4:35:09.000 PM,pausa,4681,30,8403,10,432,1
375,891,1:00:40.000 PM,seleccion,963,38,9952,7,428,4
647,99,3:21:01.000 AM,movimiento,3685,42,2420,1,157,5
306,923,10:08:09.000 AM,pausa,4259,15,9446,3,120,2
237,532,11:00:58.000 AM,defensa,393,5,6851,10,284,4
398,179,11:34:02.000 PM,pausa,2539,17,7415,0,373,4
680,139,5:49:28.000 PM,seleccion,806,15,3959,3,548,3
620,982,4:23:23.000 PM,movimiento,4839,46,2718,0,555,4
748,4,11:52:40.000 AM,movimiento,1383,30,676,2,293,3
442,367,3:36:56.000 PM,seleccion,1618,6,4518,3,253,5
444,517,3:53:42.000 AM,movimiento,4267,27,7143,0,315,3
263,169,6:14:46.000 AM,movimiento,4754,50,7427,1,221,4
375,962,7:40:31.000 AM,seleccion,146,10,1823,3,522,0
962,620,5:23:06.000 AM,pausa,4014,24,5156,4,308,0
693,848,5:42:33.000 PM,ataque,1421,37,6712,9,334,3
67,165,9:14:38.000 AM,pausa,3720,3,9599,0,214,5
220,540,10:34:27.000 PM,movimiento,2906,14,8228,0,599,5
941,968,10:54:03.000 AM,pausa,3799,9,1680,9,81,4
580,788,11:11:16.000 AM,movimiento,4713,41,254,1,427,4
684,641,1:23:46.000 AM,ataque,735,49,3046,5,146,5
149,98,3:14:19.000 AM,seleccion,3574,34,9134,4,303,5
72,958,5:30:35.000 PM,ataque,930,44,7507,8,317,3
79,616,8:26:05.000 PM,pausa,4444,27,7375,10,117,5
877,312,9:18:38.000 AM,pausa,3786,35,3625,9,260,4
670,468,7:37:37.000 AM,defensa,4223,4,1946,10,31,1
224,584,10:20:46.000 AM,seleccion,4583,2,8884,6,319,5
684,849,9:19:14.000 PM,defensa,3475,19,2317,1,558,4
971,457,10:30:23.000 AM,defensa,2466,47,8860,9,531,2
676,392,9:31:19.000 PM,defensa,1002,45,61,5,375,0
762,929,1:41:16.000 PM,movimiento,635,29,9700,10,347,4
131,763,4:17:14.000 PM,seleccion,1270,36,9103,10,380,4
199,504,5:39:06.000 AM,movimiento,3143,3,8073,8,422,3
220,624,1:12:35.000 AM,ataque,169,8,1785,8,582,1
420,717,8:56:19.000 PM,pausa,391,42,4569,3,352,1
422,297,1:28:58.000 PM,movimiento,337,8,5591,5,553,2
617,285,1:23:33.000 AM,ataque,4496,24,6980,4,248,1
506,746,1:51:59.000 AM,pausa,1879,8,5142,7,153,5
858,219,1:01:41.000 PM,ataque,1556,7,2254,2,594,2
360,893,9:58:47.000 AM,movimiento,4100,9,812,9,388,3
524,72,10:39:26.000 AM,pausa,2962,17,166,6,418,5
987,711,3:18:01.000 PM,defensa,560,38,5514,0,437,1
451,821,8:08:32.000 PM,pausa,4037,43,6047,6,36,0
426,498,9:33:30.000 AM,pausa,4781,2,7291,5,170,4
41,262,1:17:52.000 AM,defensa,1325,5,7257,0,380,4
673,689,8:14:53.000 AM,pausa,2437,22,7257,2,34,5
479,814,6:20:47.000 PM,pausa,4102,5,4338,6,469,4
783,393,12:55:01.000 PM,seleccion,2672,6,6089,6,322,3
267,633,3:41:47.000 AM,seleccion,3417,46,9946,2,339,0
762,480,8:30:23.000 PM,movimiento,3005,21,5096,4,110,3
810,446,9:02:39.000 PM,defensa,2271,27,6442,4,210,2
822,524,5:47:09.000 PM,defensa,1256,1,3143,3,162,0
140,283,2:47:05.000 PM,pausa,1433,45,7000,1,81,1
877,151,3:35:23.000 AM,ataque,809,9,6237,1,530,3
920,366,3:08:48.000 PM,movimiento,3313,29,6413,9,390,0
814,233,11:23:55.000 PM,seleccion,4721,25,7143,0,582,1
591,139,7:16:33.000 AM,movimiento,3344,18,5122,1,162,1
710,459,10:50:36.000 PM,ataque,4261,24,755,10,143,1
314,247,7:21:27.000 AM,ataque,4939,9,119,5,143,4
220,333,12:52:10.000 PM,ataque,2108,6,6682,8,66,4
839,803,11:16:08.000 AM,ataque,3337,11,5790,6,541,0
202,446,10:08:09.000 AM,seleccion,4755,29,1056,7,43,1
590,626,3:17:34.000 AM,ataque,2432,42,9249,1,62,0
212,462,8:55:57.000 PM,defensa,2168,38,565,0,562,0
879,46,1:03:03.000 PM,ataque,4562,43,8355,3,437,3
124,668,2:25:04.000 PM,pausa,3644,33,9182,7,96,5
417,688,4:05:31.000 AM,seleccion,1156,32,8232,0,219,3
383,436,2:56:01.000 PM,seleccion,4704,34,3302,0,442,2
964,876,3:24:07.000 PM,pausa,4821,46,6563,9,218,1
222,746,1:03:54.000 PM,seleccion,1369,11,1910,0,319,3
208,165,7:21:30.000 PM,pausa,4203,14,9479,5,169,4
631,210,5:52:47.000 PM,defensa,183,49,9945,6,163,5
925,823,7:49:55.000 AM,defensa,3870,34,1103,9,575,0
456,814,8:00:57.000 PM,seleccion,2142,37,7810,2,519,5
794,305,4:53:49.000 AM,seleccion,4914,43,5210,3,90,2
700,656,5:33:13.000 AM,ataque,526,40,6281,2,165,5
569,262,11:55:56.000 AM,movimiento,172,9,7064,8,272,3
706,557,3:24:22.000 AM,ataque,975,49,9203,7,125,5
95,587,9:31:48.000 PM,seleccion,2271,2,9677,6,391,3
644,446,4:02:30.000 AM,ataque,4968,47,2549,9,186,3
841,387,9:05:04.000 AM,defensa,581,2,9639,8,278,5
345,362,8:23:24.000 PM,pausa,2471,1,7979,2,181,4
494,102,4:51:38.000 AM,pausa,767,16,234,4,103,0
672,25,4:12:17.000 PM,pausa,3213,31,8596,0,86,1
115,767,7:54:36.000 AM,pausa,1944,47,2090,10,460,0
568,843,6:42:01.000 PM,seleccion,3987,8,7368,9,352,1
690,87,5:12:13.000 PM,defensa,1496,4,9613,0,553,2
260,304,11:22:56.000 PM,movimiento,1650,1,3784,2,73,2
785,269,4:07:33.000 PM,seleccion,2129,13,3027,7,390,0
461,69,2:59:32.000 AM,movimiento,3341,24,6727,7,139,0
810,175,8:20:12.000 PM,seleccion,4257,23,5943,7,433,3
803,190,8:50:24.000 PM,ataque,4567,3,6875,6,326,2
20,152,8:50:25.000 AM,pausa,3567,6,8036,1,258,1
894,610,8:18:03.000 AM,movimiento,4698,20,3926,0,224,0
817,423,3:36:06.000 AM,seleccion,4137,35,3886,1,284,3
888,632,12:51:16.000 PM,defensa,2570,45,9791,0,293,4
226,544,10:24:04.000 PM,seleccion,603,25,6453,0,425,5
927,76,2:52:25.000 AM,seleccion,2173,40,5974,2,271,0
444,443,1:10:46.000 AM,movimiento,3429,2,4878,9,320,1
863,983,8:55:03.000 AM,defensa,4816,12,2073,4,462,4
397,411,4:44:56.000 AM,seleccion,3062,7,5221,4,281,2
679,892,2:22:12.000 AM,pausa,1770,47,6806,8,264,3
608,444,2:39:19.000 PM,seleccion,1174,23,3627,0,360,0
230,486,3:41:57.000 AM,movimiento,4552,1,7526,3,71,3
768,401,12:36:26.000 PM,pausa,1711,28,8742,5,198,5
344,109,8:23:27.000 AM,seleccion,1761,1,8959,8,363,3
347,704,3:44:38.000 AM,ataque,3887,6,5289,6,519,4
685,456,12:25:17.000 AM,defensa,3550,27,2838,4,441,5
487,918,4:40:25.000 PM,ataque,3744,32,2320,0,416,2
714,943,10:37:34.000 AM,defensa,256,48,4631,6,469,1
376,119,5:11:12.000 AM,pausa,3958,20,2390,1,414,3
376,128,2:02:38.000 AM,seleccion,1424,49,1839,10,443,4
640,844,1:38:11.000 AM,pausa,157,3,7738,1,540,1
302,399,5:25:58.000 AM,seleccion,791,42,6841,9,59,5
490,594,1:07:45.000 PM,seleccion,231,6,496,8,208,4
777,696,12:44:16.000 AM,pausa,4243,45,5245,8,125,3
822,502,7:28:41.000 AM,pausa,2948,20,6666,7,556,5
701,350,5:17:34.000 PM,ataque,2279,16,3523,9,241,2
99,23,3:11:42.000 PM,defensa,1893,13,4584,5,599,0
143,730,12:33:16.000 AM,ataque,2919,41,9327,4,146,0
353,782,12:23:11.000 AM,movimiento,2974,47,9698,10,238,3
318,100,6:37:02.000 AM,movimiento,2399,12,8787,3,475,1
424,892,3:34:10.000 PM,movimiento,4969,25,795,1,232,0
647,700,4:23:18.000 PM,defensa,4663,34,7307,0,217,5
655,367,5:38:49.000 AM,seleccion,2092,40,9173,1,486,2
704,780,6:09:38.000 AM,ataque,4811,9,6857,6,524,1
352,34,5:01:24.000 PM,defensa,3866,42,6733,1,266,4
808,966,1:36:01.000 AM,pausa,1270,4,3342,2,215,5
330,609,3:42:34.000 AM,pausa,3558,10,507,3,273,0
682,287,7:01:26.000 PM,ataque,315,44,5238,3,240,1
563,908,2:41:15.000 AM,ataque,3604,26,9104,0,133,2
628,366,8:33:53.000 PM,pausa,2140,47,5857,2,31,5
182,713,11:27:31.000 PM,pausa,4437,38,8660,7,268,2
537,283,11:19:24.000 AM,seleccion,4470,47,5223,10,369,5
419,521,5:22:16.000 PM,movimiento,1953,10,6893,3,327,3
725,476,6:15:36.000 AM,defensa,2498,19,6309,10,433,3
259,124,7:49:18.000 AM,ataque,3149,39,6792,10,156,1
255,340,7:09:34.000 PM,seleccion,4231,25,8803,0,578,1
5,523,1:51:59.000 PM,movimiento,1368,27,9346,5,341,0
547,859,3:02:42.000 PM,ataque,2640,21,2211,1,388,1
406,455,2:11:23.000 AM,movimiento,3690,48,4420,2,221,2
271,575,9:51:50.000 AM,pausa,308,37,4552,7,35,2
734,22,8:03:17.000 PM,seleccion,1016,21,8999,1,486,5
584,187,8:49:51.000 PM,seleccion,2932,12,5249,6,113,2
231,235,1:33:04.000 PM,seleccion,4932,7,4269,0,242,0
729,834,12:00:34.000 AM,ataque,4284,30,590,4,318,1
618,852,2:50:45.000 PM,pausa,4767,48,3712,6,299,5
872,388,9:45:28.000 AM,defensa,3747,37,620,4,38,3
559,675,4:50:13.000 AM,ataque,777,29,3792,1,454,1
937,331,12:57:45.000 PM,seleccion,3546,25,106,0,500,0
110,461,1:58:01.000 AM,ataque,1441,39,5244,10,464,2
739,176,7:06:18.000 PM,ataque,3454,14,8671,7,425,3
559,685,1:43:03.000 PM,seleccion,2340,29,9276,3,439,3
328,316,8:08:48.000 PM,movimiento,3694,37,9256,10,536,0
130,374,4:47:19.000 AM,movimiento,4599,13,2406,1,298,5
209,981,2:38:06.000 AM,defensa,736,4,9288,9,396,0
901,981,12:14:54.000 PM,defensa,1809,50,779,9,580,0
533,58,8:29:00.000 AM,ataque,3970,25,6177,4,255,1
448,360,2:13:05.000 AM,defensa,4549,25,1372,6,470,5
196,566,8:58:35.000 PM,movimiento,1159,8,9913,3,210,4
625,675,2:11:52.000 AM,movimiento,3259,19,6402,7,475,1
304,460,1:39:14.000 AM,pausa,4934,27,8523,1,233,5
895,765,5:17:19.000 AM,movimiento,247,6,2188,10,111,4
435,754,1:37:53.000 PM,ataque,4233,14,5739,1,529,1
745,961,6:20:38.000 AM,ataque,1657,45,4362,1,348,2
441,938,9:20:14.000 PM,movimiento,823,16,2811,9,600,3
831,415,10:37:59.000 AM,movimiento,3208,33,6786,0,509,4
961,579,3:55:19.000 AM,movimiento,365,19,5020,1,476,2
683,159,11:50:40.000 AM,ataque,3635,43,5652,2,451,5
40,862,2:30:47.000 AM,defensa,3868,39,116,8,125,4
257,339,4:42:23.000 PM,pausa,3203,3,3436,1,182,3
477,663,7:22:27.000 AM,ataque,866,27,3726,10,252,1
781,872,11:07:21.000 PM,defensa,3029,2,7300,8,151,2
197,243,11:00:58.000 PM,seleccion,4594,20,535,6,326,3
420,710,7:21:30.000 AM,seleccion,2302,25,6740,0,81,3
918,57,5:05:36.000 AM,ataque,4680,3,3600,1,54,5
915,156,9:44:27.000 AM,defensa,3393,28,2580,1,357,1
318,389,3:53:17.000 PM,ataque,2063,44,6980,3,152,5
440,265,6:35:24.000 AM,ataque,2407,21,3883,0,111,5
731,34,12:08:16.000 AM,pausa,4598,50,1035,8,68,2
406,406,3:19:54.000 AM,defensa,1173,7,7860,3,534,3
720,178,8:03:04.000 AM,defensa,4909,11,2240,3,436,3
667,670,5:37:30.000 AM,movimiento,3022,47,570,0,584,1
402,120,12:07:07.000 AM,defensa,1789,12,7085,1,308,3
300,414,5:23:03.000 AM,seleccion,4532,3,7845,4,214,3
814,971,2:36:58.000 AM,seleccion,3941,35,4600,7,76,5
136,947,5:08:16.000 AM,pausa,3007,27,8651,0,65,0
939,975,4:44:09.000 PM,seleccion,1908,21,8572,7,560,1
832,52,12:51:17.000 AM,seleccion,2245,13,5595,2,542,0
537,936,9:14:35.000 PM,movimiento,2421,11,3316,7,50,0
230,445,5:06:14.000 AM,movimiento,210,29,6427,6,572,4
21,181,9:10:15.000 PM,pausa,187,24,3156,2,91,2
601,594,4:40:02.000 PM,seleccion,3420,13,8829,5,150,1
621,820,9:32:13.000 PM,ataque,4515,37,7853,6,122,1
689,834,4:06:08.000 PM,pausa,1849,43,265,0,354,2
686,561,11:17:53.000 PM,defensa,2391,7,3653,5,353,4
512,389,3:14:01.000 AM,movimiento,1723,7,9165,10,57,5
693,472,2:03:43.000 PM,seleccion,1809,12,5597,10,71,1
285,818,5:19:54.000 AM,movimiento,2090,33,5683,7,487,3
508,583,11:54:32.000 AM,seleccion,3230,42,6572,5,508,5
947,725,12:10:31.000 PM,seleccion,1383,15,8475,3,312,5
37,736,2:26:55.000 PM,pausa,1997,1,4162,7,449,2
429,929,4:22:03.000 AM,ataque,2832,7,2093,1,595,4
589,756,3:31:42.000 AM,defensa,4010,30,2323,3,310,0
11,668,8:54:21.000 PM,pausa,835,25,7103,8,37,0
592,686,10:00:02.000 AM,defensa,265,4,4434,7,475,2
573,194,11:10:51.000 PM,defensa,1199,19,2314,9,72,4
96,939,6:07:52.000 PM,movimiento,3158,27,771,8,425,2
460,62,8:43:38.000 AM,movimiento,4822,48,2852,7,358,2
863,394,6:00:03.000 AM,movimiento,4573,46,7337,6,400,0
325,400,11:00:18.000 AM,seleccion,2740,34,1253,5,133,4
498,112,5:07:38.000 AM,ataque,864,35,4247,2,441,5
782,281,7:31:38.000 PM,movimiento,2699,18,5455,8,364,4
449,89,8:49:45.000 PM,defensa,4796,33,9076,4,394,2
974,812,3:15:48.000 PM,seleccion,4452,28,4298,0,314,3
162,553,4:48:49.000 AM,pausa,2596,8,386,10,207,4
580,650,5:15:28.000 AM,movimiento,4132,26,4595,2,589,5
79,465,4:14:50.000 AM,pausa,2866,49,6880,5,588,5
963,111,11:13:14.000 AM,defensa,4873,9,2027,8,78,0
585,451,7:54:14.000 PM,ataque,4560,41,1020,4,60,4
217,886,11:37:11.000 PM,seleccion,4118,28,5836,3,428,1
264,536,7:35:09.000 AM,movimiento,1755,18,4028,9,341,1
592,74,12:28:09.000 AM,pausa,2160,15,5167,6,165,0
362,644,5:48:48.000 AM,ataque,2504,37,7182,2,242,3
181,361,6:05:06.000 PM,movimiento,3566,21,1208,9,352,1
918,687,11:16:00.000 PM,defensa,2783,10,7784,0,358,5
204,599,2:14:27.000 PM,seleccion,4916,24,8295,1,277,2
348,51,9:22:14.000 PM,ataque,2459,43,9793,5,184,2
182,609,1:09:15.000 AM,ataque,1622,41,9211,10,414,0
983,962,10:58:34.000 AM,pausa,2386,39,8249,7,187,0
509,396,4:53:01.000 PM,ataque,4972,35,2643,5,325,4
468,753,9:45:34.000 AM,movimiento,1157,21,4612,2,485,1
574,429,6:22:44.000 AM,ataque,2979,15,3121,0,64,3
748,99,12:19:11.000 AM,ataque,2830,8,7853,2,47,0
825,295,2:31:10.000 PM,pausa,4415,20,690,3,496,1
801,430,1:24:54.000 PM,defensa,1559,49,6495,5,157,5
507,676,3:51:23.000 PM,defensa,1663,10,696,5,267,0
193,505,11:05:58.000 PM,defensa,2706,44,8223,2,230,2
517,66,8:47:56.000 AM,pausa,2551,2,3100,5,311,4
134,680,3:54:06.000 PM,defensa,1610,24,4617,5,539,3
283,814,8:04:25.000 AM,defensa,970,7,5930,6,67,3
494,56,2:18:17.000 AM,ataque,2740,38,8473,4,461,1
940,124,3:00:40.000 PM,defensa,4218,44,7100,9,492,2
618,120,2:09:50.000 PM,ataque,680,33,5075,1,492,2
512,209,3:54:05.000 PM,ataque,841,39,4227,8,229,2
548,726,4:53:53.000 PM,seleccion,1507,2,8307,6,156,3
408,953,10:52:31.000 AM,defensa,298,47,404,9,549,5
814,687,1:58:06.000 AM,pausa,4376,31,2171,3,379,2
746,515,7:55:51.000 PM,defensa,3959,9,6434,2,111,4
0,217,11:31:25.000 AM,ataque,4163,24,4916,10,77,0
909,765,4:58:17.000 PM,seleccion,3911,48,4387,5,532,2
6,650,10:59:10.000 AM,movimiento,4206,40,9412,9,537,1
172,533,4:39:33.000 AM,movimiento,4299,24,3127,0,515,0
628,607,1:41:57.000 PM,pausa,2593,29,6663,7,352,1
179,790,3:31:07.000 AM,ataque,2726,44,266,7,459,0
386,213,10:38:45.000 AM,seleccion,4278,32,8949,6,411,5
218,540,8:22:50.000 AM,movimiento,3960,28,6525,8,287,2
919,403,5:09:30.000 AM,pausa,1313,16,4824,1,292,0
253,922,7:20:14.000 PM,defensa,2608,15,1606,10,410,5
864,798,6:47:21.000 PM,ataque,4920,5,4765,0,408,5
468,395,5:14:28.000 AM,movimiento,133,18,1359,1,266,0
84,925,7:57:19.000 AM,ataque,2211,33,7697,2,460,2
160,386,6:56:42.000 PM,defensa,1230,37,8408,8,101,4
271,181,7:11:56.000 AM,movimiento,3230,41,3941,1,594,5
301,117,10:45:13.000 AM,defensa,876,22,3615,3,240,2
655,490,4:28:45.000 PM,pausa,191,41,8649,0,293,4
200,381,1:33:40.000 AM,seleccion,4217,22,3929,3,428,4
919,804,10:35:17.000 PM,defensa,3170,13,2845,0,448,1
851,642,10:48:48.000 PM,pausa,3330,3,4906,3,32,2
442,636,11:46:24.000 PM,seleccion,1531,17,2115,5,192,4
721,308,11:11:09.000 AM,defensa,736,44,3937,6,548,1
878,931,8:37:57.000 AM,ataque,1536,13,34,5,232,1
541,342,4:51:55.000 AM,ataque,3674,38,9765,2,59,2
52,14,4:30:02.000 AM,pausa,2233,32,2961,9,85,0
607,837,2:05:08.000 AM,ataque,2210,3,3851,3,47,5
177,895,5:54:55.000 AM,ataque,1475,1,4588,7,412,3
806,571,5:31:45.000 PM,seleccion,450,23,1540,10,358,2
26,193,10:31:06.000 AM,pausa,3956,27,7000,3,292,1
779,252,12:19:08.000 AM,movimiento,2070,30,6591,10,330,5
958,448,9:39:35.000 AM,pausa,2175,27,118,2,156,1
771,778,3:46:57.000 AM,seleccion,410,13,9895,4,557,1
957,291,4:47:18.000 AM,pausa,1427,42,1948,6,416,0
760,450,6:52:47.000 AM,defensa,4144,22,7694,9,402,5
463,242,2:47:19.000 PM,defensa,4444,36,9229,0,391,3
311,615,12:21:40.000 PM,ataque,3395,37,9886,4,235,3
343,148,4:34:43.000 PM,seleccion,2116,11,558,1,369,2
362,67,3:03:29.000 PM,pausa,1889,9,775,1,354,1
645,838,4:14:16.000 PM,ataque,1202,10,492,10,479,2
110,200,8:31:32.000 AM,movimiento,3568,34,7297,2,347,4
440,899,12:49:31.000 AM,movimiento,1050,10,882,9,387,4
184,167,11:55:23.000 PM,seleccion,2760,34,102,1,137,1
263,224,12:08:23.000 AM,seleccion,352,50,7874,0,381,2
277,517,6:03:46.000 AM,ataque,1335,16,18,7,74,5
981,265,11:37:26.000 AM,defensa,1462,43,9901,5,196,3
376,521,12:03:58.000 PM,defensa,1474,1,790,9,584,1
643,963,12:36:37.000 AM,ataque,2475,34,5027,10,296,4
493,552,9:04:08.000 PM,seleccion,1628,26,8076,5,287,3
444,439,8:45:37.000 AM,movimiento,982,2,7342,5,151,0
6,655,4:57:47.000 PM,ataque,252,9,6147,9,547,3
754,245,1:05:43.000 AM,seleccion,1100,23,9780,3,560,4
112,147,3:08:34.000 AM,ataque,1966,37,9551,2,43,4
583,819,8:34:42.000 PM,movimiento,2285,16,6980,7,292,3
154,38,12:34:03.000 PM,movimiento,409,36,3416,9,59,5
257,293,9:15:44.000 PM,ataque,1750,36,1126,9,405,0
773,122,12:49:56.000 PM,defensa,2411,28,4858,1,516,1
547,321,3:06:12.000 AM,ataque,3215,48,6851,1,544,4
545,725,1:41:29.000 AM,movimiento,1518,38,5037,7,215,5
126,790,4:12:21.000 PM,pausa,1325,49,2180,9,71,0
180,570,4:48:51.000 AM,movimiento,3421,24,6806,4,487,1
141,600,11:22:36.000 PM,seleccion,2467,32,2834,10,42,1
750,288,6:48:07.000 AM,movimiento,2657,28,5845,1,286,5
199,641,1:59:08.000 PM,seleccion,873,40,8542,4,132,2
838,238,7:07:29.000 AM,pausa,2633,1,2251,9,486,2
353,667,4:41:23.000 PM,movimiento,932,20,3315,5,163,4
591,592,11:11:06.000 PM,seleccion,1910,21,7839,10,107,4
14,565,1:12:51.000 PM,movimiento,3716,8,3299,10,545,4
60,76,10:16:24.000 AM,seleccion,962,2,9279,8,77,4
419,235,2:40:04.000 PM,movimiento,1912,24,1193,7,107,1
681,591,8:29:56.000 AM,defensa,2419,49,2867,2,320,0
301,352,12:36:10.000 PM,ataque,2946,19,1697,4,201,3
86,782,10:25:22.000 AM,ataque,2537,26,2585,4,84,5
433,549,8:09:50.000 AM,defensa,2264,48,9067,9,166,0
856,691,9:16:31.000 AM,seleccion,1443,19,8700,8,562,4
266,251,1:34:54.000 PM,pausa,2925,47,1737,6,177,4
467,721,7:55:38.000 PM,movimiento,2158,34,8900,3,195,4
700,645,3:37:33.000 PM,pausa,4000,36,9585,8,549,4
902,956,1:08:38.000 AM,seleccion,3848,22,2201,8,524,5
337,432,1:42:46.000 AM,movimiento,4907,31,9800,5,305,0
798,268,10:39:59.000 AM,defensa,3443,23,6015,0,128,0
720,507,6:38:19.000 PM,defensa,3704,48,98,5,485,0
204,976,5:05:51.000 AM,seleccion,4829,4,8720,3,305,2
772,508,1:45:44.000 AM,defensa,1729,11,5632,2,589,5
193,896,2:57:10.000 AM,ataque,3359,35,7643,9,423,5
34,339,12:14:41.000 AM,movimiento,3525,5,601,8,99,4
210,600,1:24:54.000 AM,movimiento,2235,33,3485,8,538,5
754,735,3:57:09.000 AM,movimiento,4250,22,8325,5,562,3
681,106,7:05:06.000 AM,seleccion,3495,5,8440,6,475,2
618,625,10:15:52.000 PM,movimiento,2801,17,7627,0,45,1
350,528,7:07:20.000 PM,movimiento,4497,45,7342,5,566,5
233,952,7:30:20.000 PM,movimiento,3515,3,4729,5,484,2
660,209,7:41:32.000 PM,movimiento,2376,29,3238,2,79,0
399,211,10:25:53.000 PM,seleccion,1740,8,125,4,294,1
958,531,7:43:49.000 PM,defensa,2638,3,3354,1,227,2
578,268,2:40:11.000 PM,seleccion,1555,20,3514,8,142,4
61,412,5:24:58.000 AM,defensa,1728,11,2206,8,210,4
368,817,4:08:22.000 AM,seleccion,3034,19,348,7,480,4
109,618,10:04:23.000 PM,pausa,2730,3,4968,3,104,1
587,897,10:47:17.000 AM,movimiento,1805,44,9034,10,490,4
784,459,4:56:08.000 AM,pausa,1408,37,5061,7,445,3
102,464,9:39:54.000 AM,movimiento,923,3,8480,9,318,3
943,581,12:12:21.000 AM,seleccion,3757,12,3874,9,176,0
638,552,10:01:06.000 PM,movimiento,611,19,2518,4,503,3
688,512,1:02:57.000 PM,movimiento,2274,48,7534,8,339,4
609,155,5:26:07.000 PM,seleccion,3945,26,384,7,136,5
727,743,7:02:17.000 PM,movimiento,4171,25,7219,0,483,4
808,584,7:23:05.000 AM,pausa,3013,15,6937,0,165,1
225,608,2:58:57.000 AM,defensa,1715,42,1975,10,419,1
518,704,2:20:08.000 AM,seleccion,1647,44,1524,8,120,3
604,143,6:13:08.000 PM,movimiento,1167,7,2722,5,61,4
169,391,7:16:13.000 PM,defensa,4251,1,3056,7,38,4
698,797,6:28:23.000 AM,pausa,3856,7,5662,5,308,2
137,678,9:54:03.000 AM,defensa,2393,8,9871,4,571,1
914,490,3:02:23.000 AM,pausa,318,40,2678,9,314,4
769,8,8:25:33.000 AM,pausa,2275,31,7587,0,113,2
239,769,9:18:12.000 AM,movimiento,1953,2,1337,1,226,1
481,222,5:29:13.000 AM,pausa,3630,18,7497,7,499,2
486,242,7:16:39.000 AM,pausa,4604,4,1828,6,391,3
198,259,3:46:36.000 PM,seleccion,497,42,3977,2,154,1
864,600,10:13:23.000 AM,seleccion,2728,4,6349,2,293,0
149,250,6:30:38.000 AM,movimiento,3406,29,3835,6,488,2
557,722,3:04:43.000 PM,pausa,3486,14,8161,8,67,1
204,339,2:10:41.000 PM,defensa,4142,33,9080,8,383,1
535,55,4:31:53.000 PM,movimiento,2691,33,8640,2,107,0
345,786,8:43:08.000 AM,seleccion,960,22,463,7,502,0
934,635,3:23:00.000 AM,pausa,3521,12,5305,4,108,4
487,806,3:07:14.000 AM,movimiento,3443,9,3852,9,69,5
142,466,10:05:37.000 PM,seleccion,3982,25,8731,2,122,3
197,780,3:49:21.000 PM,defensa,2335,6,6305,1,490,1
711,923,5:14:39.000 AM,pausa,4544,2,8810,8,297,0
912,873,3:48:29.000 AM,pausa,2706,16,7430,3,402,5
473,482,9:03:34.000 PM,pausa,3868,15,9960,2,396,0
361,150,9:07:28.000 AM,movimiento,3465,19,5678,3,335,4
866,517,4:11:52.000 PM,seleccion,4913,41,5700,1,391,1
500,861,1:51:21.000 AM,defensa,2084,19,5201,4,204,0
266,983,9:32:19.000 PM,seleccion,4860,45,7977,8,149,1
149,974,9:16:13.000 AM,seleccion,2943,44,244,3,176,4
24,505,6:27:25.000 AM,defensa,2784,47,9968,4,136,5
604,764,9:06:37.000 PM,seleccion,222,20,22,3,596,1
346,276,8:04:56.000 AM,defensa,3763,7,6035,7,73,2
170,994,8:01:42.000 PM,seleccion,4991,17,2398,0,105,4
993,27,12:22:07.000 PM,seleccion,875,38,1223,2,335,5
928,824,12:49:56.000 AM,seleccion,2380,20,4332,0,113,2
700,882,2:32:38.000 PM,seleccion,1237,4,3012,4,213,2
670,234,5:41:04.000 AM,seleccion,4902,40,5530,9,438,1
813,465,7:00:17.000 AM,movimiento,4384,25,1428,9,257,5
616,911,4:07:36.000 AM,movimiento,412,3,1588,8,249,5
392,690,9:22:14.000 PM,movimiento,1136,34,551,4,300,3
611,281,10:30:54.000 PM,defensa,3084,49,2554,2,167,3
760,843,11:08:41.000 AM,pausa,436,23,7784,8,389,4
616,752,4:18:04.000 PM,movimiento,143,49,1261,10,516,1
33,819,10:52:32.000 PM,movimiento,3042,34,1198,5,177,2
396,893,2:58:26.000 PM,seleccion,3228,8,7092,7,83,3
434,229,10:51:17.000 PM,movimiento,1334,26,3724,0,319,2
545,111,8:15:00.000 AM,pausa,3035,20,7047,0,525,4
644,950,7:51:26.000 PM,seleccion,169,28,743,1,198,2
105,733,1:54:12.000 AM,defensa,2857,34,6273,0,279,0
582,569,9:18:52.000 PM,movimiento,4303,4,1326,5,342,5
268,566,7:00:40.000 PM,defensa,1960,11,665,3,147,2
909,745,1:42:59.000 AM,seleccion,4340,38,2214,1,239,5
724,431,1:02:14.000 AM,movimiento,2127,5,9881,8,86,1
675,446,10:53:50.000 AM,ataque,2871,36,6399,3,194,4
544,993,1:13:57.000 AM,ataque,4573,35,5037,0,360,0
915,372,6:22:05.000 PM,pausa,144,43,9499,0,568,5
277,626,9:33:57.000 PM,pausa,2961,44,9475,7,302,3
914,794,12:45:20.000 AM,seleccion,2504,9,112,10,534,5
422,646,8:26:15.000 PM,seleccion,4246,20,4652,9,264,1
266,965,3:09:54.000 PM,defensa,1779,47,3093,9,481,3
815,947,11:38:46.000 PM,movimiento,2627,39,2326,0,597,0
476,651,4:28:13.000 PM,defensa,4211,31,8477,8,226,0
349,727,1:35:29.000 PM,defensa,3100,6,957,5,172,4
540,859,1:58:54.000 AM,movimiento,1798,13,7410,10,295,2
974,223,7:23:28.000 PM,movimiento,2568,45,1254,6,235,5
302,864,6:48:37.000 PM,ataque,4970,13,4831,6,337,3
985,824,6:46:45.000 AM,seleccion,1872,32,6205,10,437,1
540,372,5:25:50.000 PM,pausa,1060,30,7079,0,528,0
250,867,11:00:28.000 PM,movimiento,2562,30,7901,8,164,1
522,856,12:27:37.000 AM,defensa,1608,16,1641,6,375,1
344,482,8:26:29.000 PM,ataque,2845,15,182,2,591,0
887,508,8:16:16.000 PM,ataque,1646,1,1015,4,244,5
638,845,7:36:47.000 AM,pausa,4876,8,2270,3,390,3
30,149,2:43:26.000 PM,seleccion,1497,27,3602,1,555,5
101,167,1:48:35.000 AM,movimiento,2996,16,1301,2,467,3
870,8,11:42:17.000 AM,ataque,1426,42,7269,7,403,5
486,152,11:13:07.000 PM,ataque,3805,13,3574,2,442,5
153,70,5:39:24.000 AM,defensa,2459,25,5073,2,128,4
166,211,6:34:42.000 AM,defensa,1294,28,6800,2,212,2
455,8,9:50:33.000 PM,ataque,1634,10,1027,2,300,5
846,319,3:09:12.000 PM,ataque,3053,40,6181,4,422,3
157,738,3:22:20.000 PM,defensa,2463,4,6201,3,576,1
749,267,6:40:07.000 PM,movimiento,1311,40,7521,7,499,1
904,387,11:59:05.000 AM,seleccion,3796,12,552,6,132,1
338,894,10:08:38.000 AM,seleccion,907,20,6316,9,243,0
991,802,6:45:38.000 PM,movimiento,3903,48,5594,4,543,4
936,909,3:49:52.000 AM,defensa,3990,48,8368,9,171,0
615,56,1:09:06.000 PM,pausa,1414,9,5457,1,62,4
542,884,1:17:33.000 PM,movimiento,854,7,2087,2,239,1
633,66,12:34:46.000 PM,defensa,2525,39,6096,8,286,5
178,568,7:01:27.000 AM,defensa,3657,18,3284,7,435,5
333,991,6:47:57.000 AM,pausa,2653,31,5490,5,444,0
643,56,9:06:02.000 PM,movimiento,909,42,8080,7,467,3
189,360,10:04:39.000 PM,pausa,3069,22,3125,10,509,0
811,735,6:03:12.000 AM,ataque,3822,29,5782,7,559,3
57,865,6:32:24.000 AM,pausa,1309,46,3791,0,549,4
415,217,12:36:57.000 PM,defensa,2667,15,2563,9,283,4
85,784,10:48:54.000 PM,ataque,2786,13,5355,8,198,5
911,334,6:42:39.000 PM,pausa,774,5,7561,4,312,0
27,544,8:30:51.000 AM,movimiento,558,41,7359,7,109,4
198,166,7:19:50.000 AM,movimiento,4686,34,920,8,455,4
851,740,5:49:55.000 AM,movimiento,3175,40,1463,2,532,2
887,386,1:05:51.000 AM,pausa,1711,29,671,6,68,2
951,143,9:29:06.000 PM,ataque,880,44,3080,0,323,3
250,110,3:58:51.000 AM,seleccion,4017,47,661,0,199,5
517,158,10:12:19.000 PM,pausa,382,10,1637,2,90,2
258,87,9:02:51.000 PM,movimiento,3909,34,9544,6,526,1
823,513,12:56:08.000 AM,movimiento,2170,5,4429,6,373,2
509,463,6:31:35.000 AM,seleccion,4188,2,8040,3,264,1
593,197,12:46:05.000 PM,ataque,3854,45,5793,2,371,2
723,655,6:47:30.000 AM,movimiento,768,2,9476,6,287,0
141,959,1:58:26.000 AM,movimiento,2946,42,5122,3,467,2
157,404,9:07:09.000 AM,defensa,3101,31,7675,7,551,4
698,470,1:24:46.000 AM,pausa,4322,7,7287,2,297,1
851,892,5:27:35.000 AM,pausa,1579,42,8247,7,542,4
603,634,2:42:26.000 AM,seleccion,3354,7,3422,6,523,5
606,141,2:07:49.000 AM,movimiento,1033,24,3854,10,229,3
932,481,4:47:46.000 PM,pausa,3196,27,9000,10,289,5
517,930,2:48:55.000 PM,defensa,1806,49,1755,1,440,5
485,876,1:46:41.000 PM,pausa,2368,33,6660,6,294,3
198,677,10:25:39.000 PM,movimiento,4394,21,3021,6,188,5
545,745,3:06:03.000 PM,movimiento,3598,20,2683,9,80,3
274,560,7:06:05.000 PM,seleccion,1572,6,2735,8,464,3
533,137,11:49:34.000 AM,defensa,1334,43,5417,10,305,3
356,636,12:23:33.000 AM,seleccion,1901,14,3995,3,193,2
905,420,8:18:41.000 AM,defensa,3739,46,457,1,389,3
196,57,2:47:48.000 AM,pausa,256,25,3257,5,158,0
617,1000,8:16:48.000 PM,seleccion,2346,16,8989,5,504,0
426,981,2:53:55.000 AM,pausa,1336,25,5212,3,554,3
669,520,3:53:13.000 AM,movimiento,1368,45,6661,9,583,3
523,863,3:33:38.000 PM,movimiento,1957,36,8241,9,473,5
974,289,12:12:46.000 PM,movimiento,553,50,6446,2,450,3
631,185,11:23:50.000 PM,pausa,778,3,279,8,124,0
481,41,12:48:30.000 AM,seleccion,3392,48,4827,6,437,1
901,592,2:56:35.000 AM,movimiento,2971,15,6818,8,103,0
704,521,6:33:00.000 AM,pausa,4908,37,9016,4,155,2
171,905,3:10:23.000 PM,seleccion,3674,30,632,2,354,2
552,948,12:19:29.000 PM,pausa,4023,6,1058,7,141,0
723,62,1:10:12.000 PM,ataque,196,35,3362,9,247,0
336,919,7:10:09.000 PM,defensa,1590,40,7786,2,93,4
464,180,2:46:08.000 PM,ataque,3931,4,7236,6,327,1
574,291,4:55:46.000 AM,defensa,4259,15,7159,9,548,0
890,321,6:52:20.000 AM,pausa,2034,26,7348,0,144,0
312,659,1:53:01.000 AM,ataque,4652,28,847,0,521,3
835,382,3:12:33.000 AM,ataque,2154,35,0,9,166,4
932,199,1:45:58.000 PM,defensa,1653,48,8110,6,509,1
565,224,9:23:33.000 AM,ataque,3395,13,1585,3,249,3
109,605,5:30:50.000 AM,movimiento,2169,45,1704,6,66,1
873,160,9:30:08.000 AM,ataque,1838,33,9576,8,480,3
177,111,8:02:25.000 AM,seleccion,853,49,330,3,489,1
479,693,3:27:06.000 PM,movimiento,3416,14,9077,8,294,2
531,580,7:04:44.000 PM,pausa,2634,33,7685,3,334,0
95,734,3:59:12.000 PM,movimiento,3935,45,2810,10,301,3
799,32,12:07:50.000 AM,seleccion,3755,22,5091,5,242,3
588,620,7:54:08.000 PM,seleccion,1820,7,4666,10,291,0
786,765,9:37:49.000 AM,defensa,828,31,4403,4,461,2
478,902,5:53:00.000 PM,defensa,4783,18,4083,8,421,0
775,811,7:21:12.000 PM,seleccion,4148,19,2671,3,407,4
257,271,12:44:33.000 PM,ataque,3667,8,4069,8,541,2
628,806,1:17:13.000 PM,ataque,1889,14,6604,5,573,3
1,783,9:35:40.000 AM,pausa,1158,28,11,7,260,1
403,331,3:12:57.000 AM,movimiento,4926,7,6365,6,58,5
388,299,7:50:03.000 AM,pausa,177,6,5605,2,438,3
515,269,12:38:30.000 AM,ataque,3651,15,2351,8,470,0
251,292,5:37:37.000 AM,defensa,3622,14,3528,0,389,3
539,767,5:07:14.000 PM,ataque,3170,29,3572,7,422,4
894,590,11:11:16.000 PM,movimiento,3859,26,2885,9,405,1
271,200,9:31:23.000 PM,seleccion,2615,20,5089,0,248,3
80,391,9:24:54.000 AM,ataque,1435,28,7111,0,274,4
941,753,9:11:05.000 AM,ataque,1031,9,5501,10,364,3
464,58,1:29:59.000 PM,seleccion,1281,50,9067,8,267,3
442,592,1:25:55.000 AM,defensa,4945,47,1788,2,357,0
163,156,3:38:59.000 AM,pausa,4948,49,1947,2,586,5
793,915,5:03:37.000 AM,pausa,2619,1,5045,9,86,1
694,239,5:22:39.000 AM,defensa,3428,28,9904,1,313,4
827,306,7:38:23.000 AM,seleccion,4935,2,9378,1,521,5
103,941,12:18:16.000 PM,defensa,406,34,2532,0,183,5
735,778,11:14:46.000 AM,pausa,4030,7,4736,0,339,3
630,358,9:23:28.000 PM,seleccion,4579,6,1836,0,350,2
466,177,9:27:05.000 PM,pausa,2755,9,9071,8,370,3
917,728,7:57:27.000 PM,seleccion,2710,30,1253,10,390,1
40,706,8:07:55.000 PM,movimiento,4866,42,1718,9,380,0
366,690,8:38:08.000 PM,ataque,1507,24,4399,3,356,0
839,837,3:09:29.000 PM,pausa,3704,13,6211,6,150,0
707,608,12:40:35.000 PM,seleccion,4076,22,814,7,208,2
494,650,9:20:57.000 PM,movimiento,4875,1,7451,10,120,3
709,617,3:19:31.000 AM,ataque,653,39,4718,9,179,4
604,485,7:13:43.000 PM,seleccion,190,42,8107,6,188,2
653,514,5:04:40.000 AM,seleccion,3767,11,6950,10,265,0
130,131,8:27:29.000 AM,seleccion,1179,35,3331,2,39,2
543,502,4:38:44.000 PM,movimiento,4992,34,6289,1,184,3
685,33,10:15:28.000 PM,movimiento,1068,9,2928,6,322,1
665,766,7:46:10.000 AM,defensa,2114,7,3107,4,130,3
374,921,1:39:16.000 AM,ataque,2599,49,8329,5,68,2
246,83,10:29:33.000 AM,ataque,4345,9,5955,7,506,3
7,223,2:10:32.000 PM,defensa,1612,48,3495,5,126,3
764,86,10:43:44.000 AM,defensa,2445,21,5179,10,267,1
491,975,9:47:54.000 AM,pausa,1631,8,7913,0,161,4
525,33,7:24:14.000 PM,pausa,3963,42,9209,7,237,1
636,173,7:11:07.000 AM,ataque,2662,2,9342,3,35,4
51,935,9:54:22.000 AM,ataque,1794,40,7056,5,326,5
907,160,7:12:48.000 AM,defensa,2275,17,440,4,542,3
464,778,9:00:42.000 AM,ataque,3408,30,329,1,63,3
9,422,3:40:51.000 PM,movimiento,805,44,7806,2,383,4
463,777,11:43:18.000 PM,ataque,4411,14,5377,2,170,4
